組別,ID,group_argu_code,論證內容,time
4,s10008,1,唯有穩健減核，才能兼顧能源安全、經濟發展與民眾福祉，進而打造綠能低碳環境，逐步邁向非核家園。 ,4/14/2016 14:11
4,s10008,1,核能發電因具有穩定、低碳、低成本與發電效率高等特性，一直是許多國家能源供應的關鍵選項，對於經濟發展與國計民生，扮演舉足輕重的角色。,4/14/2016 14:12
4,s10007,1,同學你好，我是反對使用核能發電的，因為核能發電所但來的能源雖然充足穩定，但是核廢料的汙染尚無法解決，若是發生問題會發生無法挽救的汙染。,4/14/2016 14:13
4,s10008,3,目前仍找不到有效的替代能源 撇開用電成本考量，如就電力供給面分析，太陽能及風力發電等再生能源仍屬間歇性能源，也就是看天吃飯的能源，無法當作穩定發電的「基載供電」，因此短期內無法取代核能。再從電力需求面來看，減少耗能產業及節能減碳等手段，都需要較長的時間來適應，因此在替代能源還無法承擔基載發電任務的過渡期間，核能發電仍是必要選項。,4/14/2016 14:15
4,s10008,,臺灣位於地震帶，因此核電廠廠址選擇與設計，都是以最嚴格且高標準的方式，優先考量過去歷史最大地震強度及海嘯高度，並預留相當大的安全餘裕。,4/14/2016 14:16
4,s10007,3,不要忘記了車諾比事件所遺留下來的核災，對於整個環境的影響，人類以及各個物種的基因突變，還有比較近期日本的福島事件，到現在大家要回到自己的家園都還需要穿防護衣而且無法久留。,4/14/2016 14:16
4,s10008,1,福島事故後，行政院原子能委員會於100年4月提出「因應日本福島電廠事故--核能安全防護要求辦理事項」，台電隨即進行全方位核能安全總體檢（包括核四廠）。台電發現，核四廠現有設計比福島電廠多出許多重防護優勢，並主動研提67項因應與強化方案，目前已完成57項，其餘項目預計最遲於105年2月完成。,4/14/2016 14:18
4,s10008,,為進一步祛除國人心中疑慮，經濟部要求台電自核一、二、三廠抽調經驗豐富的工程師，且自美國奇異公司聘請顧問，共同組成「強化安全檢測小組」，檢視及重新進行核四廠試運轉測試，並邀請國內外學者專家成立「核四安檢專家監督小組」加以監督，以確認核四廠的核能安全，測試結果並將完整公開供各界檢視。,4/14/2016 14:18
4,s10008,,政府仍然有許多應變措施以因應,4/14/2016 14:18
4,s10007,1,在許多外國的國家像是荷蘭，都有相當好的技術對於如何利用其他能源發電，有效的減少核能發電，雖然台灣還需要較長的時間才能夠完全用其他發電方式取代核能，但是這一定是要朝著廢核這方面的目標去走。,4/14/2016 14:19
4,s10008,4,整體來說，政府已規劃逐步降低核能發電在總發電量的占比，並積極發展再生能源，然而這些工作不可能一步到位。在政府保證「沒有核安，就沒有核電」的前提下，核電仍是現階段適合的過渡能源選項。,4/14/2016 14:19
4,s10007,3,況且輻射所產生的汙染是我們看不見的，要等一些跡象出現才能發現，像是車諾比發生意外事故後的20年，但我們卻聽見一群異常多的人患上了各種罕見的骨癌。一位醫生流著眼淚告訴我們說，在一些地方，有三分之一的胎兒是畸形的；而且她需要不斷地治療這些免疫和內分泌系統失調的病人。其他人還告訴我們，他們仍然看到一些住在遠離這些最嚴重污染地區的母親們，她們的母乳裡仍然有銫和鍶，這證明了核輻射仍然存在於食物鏈裡。,4/14/2016 14:24
4,s10007,,這些都是會永久存在而且我們的環境所無法承受的傷害。,4/14/2016 14:25
4,s10008,3,自103年起，位在北部的林口電廠、協和電廠、核一、核二廠將陸續除役，倘若核四廠無法順利商轉發電，預估自107年起，臺灣電力的備用容量率將有多年會低於10％、甚至不足5％的情形。  就過去經驗統計，當備用容量率低於10％時，就可能產生缺電風險；低於7.4％時，則幾乎無法避免限電。這樣一來，對產業及民生將造成嚴重衝擊，特別是臺灣北部用電量大，占全國40％，也是經濟活動頻繁的重鎮，國內及跨國企業總部多設於此，若因缺電、限電風險導致企業無法正常運作，不但將影響投資意願，使臺灣的國際競爭力大減，骨牌效應也會擴及全國各地，經濟衝擊既深且鉅。,4/14/2016 14:25
4,s10008,4,而德國自2005年起，為邁向廢核而推動能源轉型政策，並大幅補貼再生能源，至今電價已累積上漲約44％。目前德國電價高達每度新臺幣11元，約為我國4倍。由此可見，使用其他替代能源所增加的發電成本，勢將對產業及民生用電造成沈重負擔。,4/14/2016 14:26
4,s10008,,撇開用電成本考量，如就電力供給面分析，太陽能及風力發電等再生能源仍屬間歇性能源，也就是看天吃飯的能源，無法當作穩定發電的「基載供電」，因此短期內無法取代核能。再從電力需求面來看，減少耗能產業及節能減碳等手段，都需要較長的時間來適應，因此在替代能源還無法承擔基載發電任務的過渡期間，核能發電仍是必要選項,4/14/2016 14:26
4,s10007,1,相較於缺電的問題，如果能使用再生能源或是其發替代能源去發電，再配合一些政府推動的省電機制，在大家環保意識的提倡下，廢核是有可能的，雖然沒辦法那麼充裕的使用電可能會造成一些衝擊，但是技術會慢慢的進步，到我們可以是用乾淨無汙的資源來提供給台灣充足的電力。,4/14/2016 14:29
4,s10008,3,"土地資源利用而言，太陽能板、陸上風力發電機等設置，都須考量設置地點及對周邊民眾居住品質的影響。若不考量太陽光 電無法替代核電24小時穩定供電特 性，如以太陽能板提供核四的一年發電量，用地就得鋪滿約160平方公里(約五分之三個臺北市)；若利用中南部休耕農地裝設太陽能板，一旦設置之後便無法恢復耕作，將會妨礙我國糧食生產；若以陸上風電取代核四，大約需設置3,496座風機，數量大到幾乎可以繞臺灣一圈，實務上並不可行。",4/14/2016 14:31
4,s10007,4,缺電的不方便比輻射的汙染發生後的衝擊，一個是可以承受的，一個是不能承受以及後悔的。,4/14/2016 14:31
4,s10008,3,建燃氣及燃煤機組，不但發電成本高，碳排放量更遠高於核電。如果這兩者所占比例太高，不僅企業生產成本大增，也不利我國製造產品的碳足跡，有可能會遭到貿易制裁，影響產業的國際競爭力。,4/14/2016 14:32
4,s10008,1,"從環保角度著眼，化石燃料能源所排放的二氧化碳溫室氣體，會導致全球暖化。就算是天然氣，雖相較於傳統化石能源(煤炭、石油)具有低排碳的優點，若以興建天然氣廠代替核四計畫，每年將增加二氧化碳排放量約751萬公噸，相當於1萬9,000座大安森林公園一年的二氧化碳吸收量，勢將嚴重衝擊生態環境。",4/14/2016 14:32
4,s10008,,"在台電提出燃料裝填申請後，原能會將邀請美國核能管制委員會（Nuclear Regulatory Commission, NRC）代表來臺進行視察，並由原能會確認符合國際法規要求及安全無虞下，才會允許裝填燃料。也就是說，惟有在「安全」的前提下，政府才會讓核四廠營運。",4/14/2016 14:33
4,s10007,1,再生能源發電才是我們需要去推動的，核能發電以及火力發電都是對環境傷害很嚴重的，但是火力發電的傷害比核能發電產生的傷害更容易預防，要推動的不是化石燃料發電，而是利用乾淨的再生能源像是風能以及海水還有太陽能等等對環境不造成傷害的能源。,4/14/2016 14:36
4,s10008,1,台灣2008年生質能源的潛勢為118.94億度。考量到目前台灣焚化爐的發電效率大約為20%，我們可以估計全台生物質發電一年約可產生24億度電，這在全台發電量中僅能提供約1%的發電量。因此我們可以得到的結論為目前依靠生質能發電沒有辦法取代核能發電。,4/14/2016 14:38
4,s10007,1,若是這些無汙染的再生能源無法提供充足的電能給大家那就要快快的提升技術，並且大量的建少核能，直到可以完全廢除核能發電的地步。,4/14/2016 14:39
5,s10009,6,嗨嗨(?),4/28/2016 14:44
5,s10010,6,嗨^^,4/28/2016 14:45
5,s10009,6,我們來聊天XD,4/28/2016 14:45
5,s10010,6,XDD他們能看螢幕拉,4/28/2016 14:45
5,s10009,6,我知道阿哈哈，不然先說自己是正方還反方好了XD,4/28/2016 14:46
5,s10010,1,我這裡是支持核能發電解決台灣供電問題的,4/28/2016 14:46
5,s10010,1,老實說我一直在查臺灣電力供應哪裡出問題,4/28/2016 14:47
5,s10009,1,我是不贊成核電ˋˇˊ欸那我們要辯論了ˊˋ,4/28/2016 14:47
5,s10010,6,可是好像搜尋那裡被控制了,4/28/2016 14:47
5,s10010,6,哈哈哈好哇,4/28/2016 14:47
5,s10010,,和平討論XD,4/28/2016 14:47
5,s10009,6,那我們繼續聊天好了XD,4/28/2016 14:48
5,s10009,6,辯論好麻煩呃XD,4/28/2016 14:48
5,s10010,1,我覺得核電cp值很高欸,4/28/2016 14:48
5,s10010,6,不用太緊張拉,4/28/2016 14:48
5,s10010,,就當作報告嘛,4/28/2016 14:48
5,s10010,,小組報告XD,4/28/2016 14:49
5,s10009,2,你是指投資報酬率高嗎www,4/28/2016 14:49
5,s10010,1,恩...因為他不用耗費很多基礎能源比如礦產,4/28/2016 14:49
5,s10010,,就可以產出很大量的電力,4/28/2016 14:49
5,s10010,,可以同時供應民生跟工業用電,4/28/2016 14:50
5,s10009,3,我是認為他確實比起其他發電的投資利潤較高，但未來花在維修、核安和廢棄物處理上的花費也不小哇,4/28/2016 14:50
5,s10010,5,哈哈哈的確,4/28/2016 14:51
5,s10010,1,可是這是蓋核電廠的人的問題欸,4/28/2016 14:51
5,s10010,,如果一開始就蓋得很好的話,4/28/2016 14:51
5,s10010,,就不會有接下來很多哩哩叩叩的疑難雜症啦,4/28/2016 14:51
5,s10010,1,廢棄物確實是個麻煩,4/28/2016 14:52
5,s10009,4,那就必須看政府與企業願不願意將這些資訊透明化啦,4/28/2016 14:52
5,s10010,1,哈哈哈該不會總結是爛政府吧xd,4/28/2016 14:52
5,s10009,1,現在民眾太不信任上面的人，到不如自己著手發電安全又健康XD,4/28/2016 14:53
5,s10010,3,可是其實太陽能發電會壞得更快欸,4/28/2016 14:53
5,s10010,,風力一般民眾蓋不起來,4/28/2016 14:53
5,s10010,,太陽能板因為還在研發的不穩定狀態,4/28/2016 14:53
5,s10010,,所以很容易就需要維修,4/28/2016 14:54
5,s10009,1,我是覺得可以先投入深度研發，再以最實惠的方式量產(?),4/28/2016 14:54
5,s10009,,而且向台灣很適合海洋方面的發電阿,4/28/2016 14:54
5,s10010,4,所以現在是這一段緩衝期的用電問題了xd,4/28/2016 14:54
5,s10010,2,海洋~比如說呢?,4/28/2016 14:55
5,s10009,1,潮差啊遠洋啊海浪啊,4/28/2016 14:55
5,s10010,2,你是指潮汐發電根深海流發電嗎,4/28/2016 14:55
5,s10010,1,潮汐的話需要很大的潮差喔,4/28/2016 14:55
5,s10009,,嗯啊,4/28/2016 14:56
5,s10010,,這樣台灣也不是所有港口都可以符合呢,4/28/2016 14:56
5,s10010,3,太陽能板最後還是有壞掉的一天,4/28/2016 14:57
5,s10010,,到時候廢棄的太陽能板也是個問題呢,4/28/2016 14:57
5,s10009,4,所以應該要試著著手在這一方面加以探討,4/28/2016 14:57
5,s10010,3,水力的話好像只有日月潭目前,4/28/2016 14:57
5,s10010,,那中間這段緩衝期的供電怎麼辦呢/,4/28/2016 14:58
5,s10009,4,啊就核能暫時拿來用順便探討之後怎麼處理掉他XD,4/28/2016 14:58
5,s10010,,哀哀你不會被我說服了吧XD,4/28/2016 14:58
5,s10010,5,XDD好欸,4/28/2016 14:59
5,s10010,,那我們還有15分鐘XD,4/28/2016 14:59
5,s10009,1,拆不拆除也不是說馬上就要啊，打一開始建造每一種發電廠就應該做好長遠打算，既然一開始沒想清楚就實行，那至少我們還能讓他已傷害最少的方式退出,4/28/2016 15:00
5,s10009,,那我們剩下15分鐘該幹嘛捏XD,4/28/2016 15:01
5,s10010,,@@怎麼突然跳到拆除了,4/28/2016 15:01
5,s10010,3,可是我覺得核電廠能一直走下去欸,4/28/2016 15:01
5,s10009,,恩就前面提到在緩衝期就開始慢慢想怎麼不用核能呃,4/28/2016 15:01
5,s10009,4,那必須要有好的完善規劃才行ˊˋ,4/28/2016 15:02
5,s10010,,唔 有點討厭這個系統不能讓我查各種發電方式能提供的電量跟台灣需求的電量,4/28/2016 15:02
5,s10010,,好像有些搜尋被block起來了,4/28/2016 15:03
5,s10009,,他提供的資料其實不多ˊˋ,4/28/2016 15:03
5,s10010,3,但是我有點不是很信任其他能供給電量的方式老實說,4/28/2016 15:03
5,s10010,,印象中他們能提供的電量頗少,4/28/2016 15:04
5,s10009,2,你是說哪種啊?,4/28/2016 15:04
5,s10010,3,就算很大量 臺灣的土地真的足夠用嗎 這樣,4/28/2016 15:04
5,s10010,,像太陽能、水力、潮汐、風力、生質能,4/28/2016 15:04
5,s10010,,這些都是傳說中乾淨的發電方式,4/28/2016 15:05
5,s10010,,可是他們能產出的電量比不上一次鈾235碰撞,4/28/2016 15:05
5,s10010,,台灣不只有民生用電 還有工業用電,4/28/2016 15:05
5,s10009,1,就是盡可能換成低污染的發電方式，然而最根本的還是該從民眾的節電觀念做起,4/28/2016 15:05
5,s10010,3,還有科學園區的工業用電,4/28/2016 15:06
5,s10010,,那些用量才真的是大,4/28/2016 15:06
5,s10010,4,所以我才覺得即使乾淨的發電方式被研發得很完善，核能發電還是至少要有一兩個廠在台灣支持整個國家的用電,4/28/2016 15:07
5,s10010,,畢竟經濟還是要顧的呀....,4/28/2016 15:07
5,s10009,1,總覺得有點想調高電價ˊˋ,4/28/2016 15:08
5,s10009,,但工業上也許可以從其他方面給予補助,4/28/2016 15:08
5,s10010,2,比如說?,4/28/2016 15:09
5,s10009,1,項節能減碳補助XDDD(我想不出來XD,4/28/2016 15:10
5,s10010,3,假設我是那些晶圓大廠的老闆,4/28/2016 15:11
5,s10010,,那我會說,4/28/2016 15:11
5,s10010,,好呀你調整電價,4/28/2016 15:11
5,s10010,,我移廠去大陸,4/28/2016 15:11
5,s10009,5,跑去國外嗎XD,4/28/2016 15:11
5,s10010,,是滴~,4/28/2016 15:11
5,s10010,4,大概這就是位神麼台灣政府對這塊這麼窩囊吧,4/28/2016 15:12
5,s10009,4,那在土地成本上給育優惠呢？,4/28/2016 15:12
5,s10010,,香港首富李嘉誠有說過 最厲害的不是節流而是開源哪,4/28/2016 15:13
5,s10009,,就盡可能讓整體的成本不會增加,4/28/2016 15:14
5,s10010,,如果移去大陸我不只節流連開源都達成了,4/28/2016 15:14
7,s10013,1,我不贊成核能發電,5/19/2016 10:47
7,s10014,1,喔??我是偏向贊成,5/19/2016 10:47
7,s10013,1,因為我覺得核廢料的問題真的非常嚴重,5/19/2016 10:47
7,s10013,3,你願意將核廢料放在自己的家門口嗎,5/19/2016 10:48
7,s10014,4,你的困擾應該是找不道地方掩埋吧,5/19/2016 10:48
7,s10013,1,還有核輻射的問題阿,5/19/2016 10:48
7,s10013,,你看看前幾年日本福島的核災問題,5/19/2016 10:48
7,s10014,1,核輻射問題是可以避免,5/19/2016 10:48
7,s10013,2,如何避免呢,5/19/2016 10:48
7,s10013,,請告訴我如何避免,5/19/2016 10:48
7,s10013,,車諾比事件到現在已經數十年了,5/19/2016 10:49
7,s10013,,造成的傷害還不夠大嗎,5/19/2016 10:49
7,s10013,2,還有請問核廢料你覺得要如何處理呢,5/19/2016 10:49
7,s10014,1,科技的進步，當然會有辦法可以阻擋,5/19/2016 10:49
7,s10013,2,如何阻擋,5/19/2016 10:49
7,s10013,,我需要你來說服我,5/19/2016 10:49
7,s10014,1,核廢料除了掩埋外，亦可送去外太空,5/19/2016 10:50
7,s10013,1,我是覺得不要用那麼多電就好了 就不會需要一直蓋核電廠了,5/19/2016 10:50
7,s10013,3,外太空??,5/19/2016 10:50
7,s10013,,你太天真的,5/19/2016 10:50
7,s10013,,不可能的,5/19/2016 10:50
7,s10014,1,就是因為不夠電才需要，核電廠,5/19/2016 10:50
7,s10013,2,為什麼不夠電,5/19/2016 10:50
7,s10014,,沒有不可能的事,5/19/2016 10:50
7,s10013,,有想過嗎,5/19/2016 10:50
7,s10014,3,那你有想過用什麼方法替代嗎,5/19/2016 10:51
7,s10013,1,既然不夠電 那就減少用電量,5/19/2016 10:51
7,s10013,,從自身省電做起,5/19/2016 10:51
7,s10014,3,如果減少的了，為何還是年年升高,5/19/2016 10:51
7,s10014,,依舊不夠呀,5/19/2016 10:51
7,s10013,1,同時間多研發其他發電阿,5/19/2016 10:51
7,s10013,,火力 風力 水力發電,5/19/2016 10:51
7,s10013,,現在還有動物糞便發電,5/19/2016 10:52
7,s10014,3,火力空氣汙染,5/19/2016 10:52
7,s10013,,在可以接受的範圍內 火力發電,5/19/2016 10:52
7,s10014,,風力需要廣大地方且穩定的風,5/19/2016 10:52
7,s10013,,不要弄到空氣汙染嚴重,5/19/2016 10:52
7,s10014,,台灣只有新竹可以,5/19/2016 10:52
7,s10013,,澎湖也有風力發電,5/19/2016 10:52
7,s10013,1,我是覺得多管齊下,5/19/2016 10:52
7,s10014,3,這是不可能的，有火力燃燒就一定有汙染,5/19/2016 10:52
7,s10013,3,那核能呢,5/19/2016 10:53
7,s10013,,你這樣就是自打嘴巴了,5/19/2016 10:53
7,s10014,1,因為核能可以掩埋的了,5/19/2016 10:53
7,s10013,3,核廢料丟到外太空  外太空也有住其他人阿,5/19/2016 10:53
7,s10014,,可避免汙染,5/19/2016 10:53
7,s10013,,不能有這麼自私的想法,5/19/2016 10:53
7,s10014,3,住誰??,5/19/2016 10:53
7,s10013,,外星人阿,5/19/2016 10:53
7,s10013,1,我是覺得要有環保的意識,5/19/2016 10:53
7,s10014,2,請問哪來的外星人??,5/19/2016 10:53
7,s10014,,證據?,5/19/2016 10:53
7,s10013,3,這不在我們討論的範疇,5/19/2016 10:54
7,s10013,,就不談這塊了,5/19/2016 10:54
7,s10014,1,那就是可以送到外太空,5/19/2016 10:54
7,s10013,,主要是我還是不贊成用核能發電,5/19/2016 10:54
7,s10013,2,誰送,5/19/2016 10:54
7,s10013,,請問誰送到外太通,5/19/2016 10:54
7,s10013,,外泰東,5/19/2016 10:54
7,s10013,,外太空,5/19/2016 10:54
7,s10014,1,無人太空梭,5/19/2016 10:54
7,s10013,2,成本呢,5/19/2016 10:54
7,s10013,,然後送到外太空哪裡,5/19/2016 10:55
7,s10014,1,至少污染可減少,5/19/2016 10:55
7,s10014,,太陽即可,5/19/2016 10:55
7,s10013,3,那還不是造成外太空的汙染,5/19/2016 10:55
7,s10014,,否,5/19/2016 10:55
7,s10013,,難道核廢料送到太陽就沒事了嗎,5/19/2016 10:55
7,s10014,1,是,5/19/2016 10:55
7,s10013,3,難道不會造成一些反應爆炸之類了嗎,5/19/2016 10:56
7,s10013,1,我覺得要從自身做起最重要,5/19/2016 10:56
7,s10013,,平常就應該要省電,5/19/2016 10:56
7,s10014,1,因為核融合能量可直接處理核廢料問題,5/19/2016 10:56
7,s10013,,相關的科學家繼續研發一些替代性的能源,5/19/2016 10:56
7,s10014,3,省電不在此議題,5/19/2016 10:56
7,s10013,1,我不贊成核能發電 所以就該省電阿,5/19/2016 10:56
7,s10014,1,但核能可產生的巨大能量,5/19/2016 10:57
7,s10014,,這是不可否認的,5/19/2016 10:57
7,s10013,,這在這議題內,5/19/2016 10:57
7,s10014,,如此小的質量可以產生巨大能量供幾人們使用,5/19/2016 10:57
7,s10013,3,巨大能量有益也有害,5/19/2016 10:57
7,s10013,,如果今天你的家人受到核輻射  你還會贊成嗎,5/19/2016 10:57
7,s10013,,將心比心,5/19/2016 10:57
7,s10014,3,照你這麼說 其他所產生微小能量 也就沒有害?,5/19/2016 10:57
7,s10013,1,至少不會像核能量這樣永久性傷害,5/19/2016 10:58
7,s10014,3,火力發電不會有空氣問題??,5/19/2016 10:58
7,s10013,1,我沒有說不會有空氣問題,5/19/2016 10:58
7,s10014,,那就是,5/19/2016 10:58
7,s10013,,只要在可控的範圍內,5/19/2016 10:59
7,s10014,4,都是有問題,5/19/2016 10:59
7,s10014,,對 核能亦可控制,5/19/2016 10:59
7,s10013,,那乾脆大家都不要活好了,5/19/2016 10:59
7,s10013,3,核無法控制,5/19/2016 10:59
7,s10014,3,核可以控制,5/19/2016 10:59
7,s10013,,已經有好多例子了,5/19/2016 10:59
7,s10013,3,車諾比的事件 你如何解釋,5/19/2016 10:59
7,s10013,,日本福島事件 如何解釋,5/19/2016 10:59
7,s10014,3,我也說了 幾十年前跟現在科技不同,5/19/2016 10:59
7,s10013,,福島事件呢,5/19/2016 10:59
7,s10014,,當然做法也有所差異,5/19/2016 10:59
7,s10014,1,福島危機並沒有處理完善,5/19/2016 11:00
7,s10013,3,你可以處理完善嗎,5/19/2016 11:00
7,s10014,,如有處理完善 並不會如此慘重,5/19/2016 11:00
7,s10013,,因為沒有人會預料到這樣的事情,5/19/2016 11:00
7,s10013,3,如果核廢料放在你的房間你願意嗎,5/19/2016 11:00
7,s10014,3,什麼叫做沒有人會預料到 本來就應該要有防災意識,5/19/2016 11:00
7,s10014,,那要不要把廢氣放你放間,5/19/2016 11:01
7,s10013,3,日本人還沒有防災意識嗎,5/19/2016 11:01
7,s10013,,日本人是最有防災意識的,5/19/2016 11:01
7,s10014,,否,5/19/2016 11:01
7,s10013,3,火力發電 有造成甚麼重大災害嗎,5/19/2016 11:01
7,s10013,,你說來聽聽,5/19/2016 11:01
7,s10014,1,空汙空氣變差還不夠??,5/19/2016 11:01
7,s10013,1,國際新聞都沒有聽過風力發電 火力發電的危害,5/19/2016 11:02
7,s10014,1,風力問題在於要有穩定風,5/19/2016 11:02
7,s10013,2,跟核廢料比起來 哪一個嚴重呢,5/19/2016 11:02
7,s10013,,暈倒,5/19/2016 11:02
7,s10014,,問題是,5/19/2016 11:02
7,s10013,1,又不是叫你一直用風力發電,5/19/2016 11:02
7,s10013,,比如說 冬天多風  就可以用風力發電,5/19/2016 11:02
7,s10013,,夏天就用火力發電,5/19/2016 11:02
7,s10013,,你這是死腦筋,5/19/2016 11:02
7,s10013,,我們只有一個地球,5/19/2016 11:03
7,s10014,3,人身攻擊不在此一範疇,5/19/2016 11:03
7,s10014,,但是,5/19/2016 11:03
7,s10013,,我沒有人身攻擊,5/19/2016 11:03
7,s10014,1,核廢料可分解可處理,5/19/2016 11:03
7,s10013,3,那為何蘭嶼人這麼討厭核廢料,5/19/2016 11:03
7,s10014,,你說沒有??死腦筋是什麼??,5/19/2016 11:03
7,s10013,,如果你是蘭嶼人 你會怎麼想呢,5/19/2016 11:04
7,s10013,,放一些不定時炸彈在自己家裡,5/19/2016 11:04
7,s10014,1,那麼就埋呀，但也要台灣本島埋呀,5/19/2016 11:04
7,s10013,1,政府當時就是因為蘭嶼人少  所以就把核廢料放在蘭嶼,5/19/2016 11:04
7,s10013,,已經埋了阿,5/19/2016 11:04
7,s10014,,大家一起埋呀,5/19/2016 11:04
7,s10013,,埋在太平洋的中間一個海溝裡,5/19/2016 11:04
7,s10013,,那只是核廢料的問題,5/19/2016 11:04
7,s10013,3,核輻射呢,5/19/2016 11:04
7,s10014,,那就好了呀,5/19/2016 11:04
7,s10013,2,所以你是贊成核能發電嗎,5/19/2016 11:05
7,s10014,1,就說過科技改善，防災不斷演練，亦可做得好,5/19/2016 11:05
7,s10013,2,那你贊成火力發電嗎,5/19/2016 11:05
7,s10014,1,火力發電的問題在於成本,5/19/2016 11:05
7,s10014,,會受國際物價波動,5/19/2016 11:06
7,s10013,1,其實火力發電的成本跟核能是一樣的,5/19/2016 11:06
7,s10013,,我剛才上網查過了,5/19/2016 11:06
7,s10014,2,你覺得網路可信?,5/19/2016 11:06
7,s10013,1,因為我不是這個專業的,5/19/2016 11:06
7,s10014,3,並不是全部資料是可信的,5/19/2016 11:06
7,s10013,,所以我只是稍微喵一下,5/19/2016 11:06
7,s10013,2,那你又知道火力的成本比核發電高,5/19/2016 11:07
7,s10013,,你是哪裡得到的消息呢,5/19/2016 11:07
7,s10014,1,論文中研讀到的,5/19/2016 11:07
7,s10013,3,論文可信??,5/19/2016 11:07
7,s10013,,現在的研究不是百分百可信的,5/19/2016 11:08
7,s10014,1,公信力大於網路資訊,5/19/2016 11:08
7,s10014,,那網路資訊更不可信,5/19/2016 11:08
7,s10013,1,網路上有專家屬名阿,5/19/2016 11:08
7,s10014,3,那論文就沒有嗎,5/19/2016 11:08
7,s10013,1,我看得是中研院院士發表的,5/19/2016 11:08
7,s10013,,所以我才問你阿,5/19/2016 11:08
7,s10013,,因為很多論文都是抄來抄去的阿,5/19/2016 11:08
7,s10014,1,我看的是國外的,5/19/2016 11:08
7,s10013,1,那我看的也是國外的網站阿,5/19/2016 11:09
7,s10013,,外國的月亮比較圓,5/19/2016 11:09
7,s10013,,就是普羅大眾的迷思,5/19/2016 11:09
7,s10013,1,反正我是覺得能不要用核能 就不要用核能,5/19/2016 11:09
7,s10014,3,你是不是又離題了 那是一篇論文,5/19/2016 11:09
7,s10013,,因為你也離題的阿,5/19/2016 11:09
7,s10013,1,核能有好處  這我不否認,5/19/2016 11:10
7,s10014,,那就是啦,5/19/2016 11:10
7,s10013,,但是壞處也很多,5/19/2016 11:10
7,s10013,,都是無形中產生的,5/19/2016 11:10
7,s10014,3,沒有東西只拿好處而沒有壞處,5/19/2016 11:10
7,s10013,,短時間不會發生,5/19/2016 11:10
7,s10014,,只是願不願意付出成本代價,5/19/2016 11:10
7,s10013,3,無法生育  這樣的代價夠大了吧,5/19/2016 11:11
7,s10013,,畸形牛 這樣的代價夠大了吧,5/19/2016 11:11
7,s10014,3,肺癌也不小吧,5/19/2016 11:11
7,s10013,,暈倒,5/19/2016 11:11
7,s10014,,呼吸道問題,5/19/2016 11:11
7,s10014,3,就不是問題?,5/19/2016 11:11
7,s10013,3,誰說火力發電會導致肺癌,5/19/2016 11:11
7,s10013,,你這會笑死人的,5/19/2016 11:12
7,s10014,1,好呀 那你就去努力吸吧,5/19/2016 11:12
7,s10013,6,我跟妳不在同一個頻道上面,5/19/2016 11:12
7,s10013,,你可以不吸阿,5/19/2016 11:12
7,s10013,1,或許過幾年又有新的能源出現也說不定,5/19/2016 11:13
7,s10014,1,那就降低火力發電 就不會吸任何廢氣了,5/19/2016 11:13
7,s10013,1,增加風力發電阿,5/19/2016 11:13
7,s10013,,還有糞便發電,5/19/2016 11:13
7,s10013,,現在很流行,5/19/2016 11:13
7,s10013,,生質能發電,5/19/2016 11:13
7,s10013,,多管齊下,5/19/2016 11:13
7,s10014,3,糞便太占體積,5/19/2016 11:13
7,s10013,,我說多管齊下,5/19/2016 11:14
7,s10013,1,現在很多小學的營養午餐沒吃完 就是集中回收拿去發酵發電,5/19/2016 11:14
7,s10013,,我是覺得地球只有一個  要好好愛護,5/19/2016 11:14
7,s10014,1,效率相比，核能>>風力和生質能,5/19/2016 11:14
7,s10013,3,比效率幹嘛,5/19/2016 11:15
7,s10013,,今天是要討論供電問題,5/19/2016 11:15
7,s10013,,永續生存才是重要的,5/19/2016 11:16
7,s10013,,你只活六十年  後代還有子子孫孫要活阿,5/19/2016 11:16
7,s10014,1,是討論供電呀 因為台灣地稠人挾 需要以最少空間發揮最高效益,5/19/2016 11:16
7,s10013,,願主保佑你,5/19/2016 11:16
7,s10014,,阿拉真主保佑,5/19/2016 11:17
7,s10014,,再見~,5/19/2016 11:17
8,s10016,6,你好,5/19/2016 14:55
8,s10015,6,哈囉,5/19/2016 14:55
8,s10015,6,你支持還反對?\,5/19/2016 14:56
8,s10016,1,我支持,5/19/2016 14:56
8,s10016,,你呢,5/19/2016 14:56
8,s10015,1,可是我也支持ㄟ,5/19/2016 14:56
8,s10015,,那要怎麼辯,5/19/2016 14:56
8,s10016,2,那你為什麼支持,5/19/2016 14:56
8,s10015,1,其實我反對,5/19/2016 14:56
8,s10015,,原因,5/19/2016 14:56
8,s10015,1,1.臺灣的地太小，無法找到一個適合的地方興建核電廠和放置核廢料,5/19/2016 14:57
8,s10015,2,這個你接受嗎?,5/19/2016 14:58
8,s10016,1,不接受,5/19/2016 14:58
8,s10016,,台灣先前已有過三間核電廠,5/19/2016 14:59
8,s10015,2,恩說來聽聽,5/19/2016 14:59
8,s10016,1,核能發電上的核廢料處理早有一套措施,5/19/2016 14:59
8,s10015,2,核一廠 新北市石門區 核二廠 離臺北市直線距離約22公里 龍門廠 臺灣東北端,5/19/2016 15:00
8,s10015,,你指這幾個?,5/19/2016 15:00
8,s10016,1,且相較於有形的核廢料問題  火力發電造成的空氣污染  反而是無形的讓全台灣的居民承受,5/19/2016 15:00
8,s10016,,YES,5/19/2016 15:01
8,s10015,3,好那核二廠出問題了,5/19/2016 15:01
8,s10015,,對談北市不會有影響?,5/19/2016 15:01
8,s10015,,台北市*,5/19/2016 15:01
8,s10016,1,我自己就是台北人 我認為便利的生活本就有該承擔的成本 核電廠所付出的成本跟得到的效益  比起其他的發電方式是更為有效率的,5/19/2016 15:03
8,s10016,,你前面說你也是支持,5/19/2016 15:03
8,s10016,2,你可以說說你為什麼支持嗎?,5/19/2016 15:03
8,s10015,,我沒有支持阿,5/19/2016 15:04
8,s10015,1,我是反對,5/19/2016 15:04
8,s10015,,隨便說說而已,5/19/2016 15:04
8,s10016,6,喔喔好,5/19/2016 15:04
8,s10016,,那我們高好是正反方耶,5/19/2016 15:04
8,s10015,6,對阿,5/19/2016 15:04
8,s10015,,你是男的喔,5/19/2016 15:04
8,s10016,6,...我是女的(這重要嗎?,5/19/2016 15:04
8,s10015,6,重要阿,5/19/2016 15:05
8,s10016,6,為什麼,5/19/2016 15:05
8,s10015,6,我投降 ,5/19/2016 15:05
8,s10016,6,0..0,5/19/2016 15:05
8,s10015,6,XDDD,5/19/2016 15:05
8,s10015,,你也在台科?,5/19/2016 15:05
8,s10016,6,我們這樣閒聊可以嗎XDD(我在師大,5/19/2016 15:06
8,s10015,6,不行嗎XDD,5/19/2016 15:06
8,s10015,,我做實驗做得好無聊,5/19/2016 15:06
8,s10016,6,我的管理大大說不要閒聊,5/19/2016 15:06
8,s10016,,~0.0~,5/19/2016 15:06
8,s10015,6,那等下佳LINE?,5/19/2016 15:06
8,s10015,,再慢慢聊,5/19/2016 15:06
8,s10015,,好啦,5/19/2016 15:06
8,s10015,,回到重點,5/19/2016 15:06
8,s10015,2,所以你也不反對找不到一個適合的地方這件事?,5/19/2016 15:07
8,s10016,1,考慮這個問題比考慮廢核後的各項問題來得簡單,5/19/2016 15:08
8,s10015,2,那你說說怎樣的簡單法,5/19/2016 15:08
8,s10016,1,且廢核後必須付出的費用比花錢買塊地放置核廢料來的貴了許多,5/19/2016 15:09
8,s10016,,廢核  必須要考慮之後的供電處理,5/19/2016 15:09
8,s10016,1,舉例來說  日本  廢核後改以天然氣取代,5/19/2016 15:09
8,s10015,2,所以你覺得核廢料磣生的種種問題是金錢可以衡量的?,5/19/2016 15:09
8,s10015,,人命阿,5/19/2016 15:09
8,s10015,,環境破壞阿,5/19/2016 15:09
8,s10015,,地價阿,5/19/2016 15:10
8,s10015,,土地利用,5/19/2016 15:10
8,s10015,,這些都是小問題喔?,5/19/2016 15:10
8,s10015,1,目前台電暫 時將用過燃料貯存於核電廠地下貯池，低中強度核廢料亦暫時貯存於蘭嶼及現有三個核 電廠廠區內的臨時倉庫（核二廠臨時倉庫預計放 4 萬桶）。 如此數量的核廢料年年增 加，將對暫時貯存之空間造成壓力，並逼使台電尋求最終處置的辦法。,5/19/2016 15:10
8,s10015,,這個資料表示說,5/19/2016 15:10
8,s10015,4,現在的方法只是暫時的,5/19/2016 15:10
8,s10016,1,廢核後用看起來較有可能用火力發電取代,5/19/2016 15:10
8,s10016,3,ˇ但火力發電所召成的環境問題更大,5/19/2016 15:11
8,s10016,,散布在空氣中,5/19/2016 15:11
8,s10015,1,現在的問題不在火力發電,5/19/2016 15:11
8,s10015,,在於我們找不到一個好地方蓋廠跟頹機廢料,5/19/2016 15:11
8,s10015,,囤積,5/19/2016 15:11
8,s10016,1,我認為廢核後的相應措施更為重要  不能只能因為現在碰到這個問題 所以就很草率的決定廢除核電廠,5/19/2016 15:12
8,s10015,6,btw我現在大一讀台大工管,5/19/2016 15:12
8,s10015,,你勒?,5/19/2016 15:12
8,s10016,2,你認為廢除核電後的發電措施應該如何,5/19/2016 15:12
8,s10016,6,師大資工大二,5/19/2016 15:13
8,s10015,2,嗯嗯所以你覺得我們應該先蓋然後等到有問題再來擦屁股?,5/19/2016 15:13
8,s10015,,失敬失敬,5/19/2016 15:13
8,s10015,1,好既然你問了廢核後該怎麼發展,5/19/2016 15:14
8,s10015,,我覺得節流的重要遠大於開源,5/19/2016 15:14
8,s10015,1,你剛剛前面說到汙染的問題,5/19/2016 15:15
8,s10015,,若我們能夠把產出的能源接近100%的利用,5/19/2016 15:15
8,s10016,3,台灣大多的電力需求來自工業用電  節電等於是叫工廠停工  失業率上升  資金外流的問題又該怎麼辦,5/19/2016 15:15
8,s10015,1,那不就不會有你剛剛所說的問題,5/19/2016 15:16
8,s10016,2,"""產出的能源接近100%的利用""",5/19/2016 15:16
8,s10016,,什麼意思,5/19/2016 15:16
8,s10015,1,碩我們能夠有效的使用我們所生產的資源,5/19/2016 15:16
8,s10015,,想辦法提升我們的技術,5/19/2016 15:16
8,s10015,,那就不會有能源不夠資金外流的問題,5/19/2016 15:16
8,s10016,2,現在不有效嗎?  我不太懂你的意思,5/19/2016 15:16
8,s10016,,現在的電力運用 應該是現在科技所能達到的100%利用,5/19/2016 15:17
8,s10015,1,其實有許多的能源沒有被妥善的運用,5/19/2016 15:18
8,s10015,,我們應該研發出更能有效利用能源的技術才是一個治本的方法,5/19/2016 15:19
8,s10015,,而不是看到坑就補而不考慮造成的結果,5/19/2016 15:19
8,s10015,,這是有一點短視近利的,5/19/2016 15:19
8,s10015,1,利用太陽光電板(或者太陽光電池)來收集太陽光能，透過太陽光子與矽薄膜板(或者晶薄膜板)的光電作用而產生電流(優點是無污染，缺點是成本偏高，發電效率偏低)。,5/19/2016 15:21
8,s10015,,我認為或許這個才是我們應該努力的方向,5/19/2016 15:21
8,s10015,,提升它的發電效率,5/19/2016 15:21
8,s10016,3,所以台灣人用電應該仰賴隔三差五就沒看得太陽?,5/19/2016 15:21
8,s10016,,基隆人一年更是只有一半不到的日子有陽光,5/19/2016 15:22
8,s10015,1,我們的終極目標應該放在讓他能被有效率的使用,5/19/2016 15:22
8,s10016,1,再來核廢料問題 分為兩類  高輻射劑量極低輻射劑量 前者因其冷卻期較長的關係，所以全球各國都尚未開始執行最終處置。後者儲存場附近居民所受的幅射，實際上是遠低於日常生活中遭受的背景幅射量。,5/19/2016 15:22
8,s10015,,潮汐阿,5/19/2016 15:23
8,s10015,,地熱阿,5/19/2016 15:23
8,s10016,3,太陽能發電在台灣的供電上只占了不到10%的供給量,5/19/2016 15:23
8,s10015,,對阿,5/19/2016 15:23
8,s10015,1,這就是問題所在,5/19/2016 15:23
8,s10015,,我們的技術不夠好,5/19/2016 15:23
8,s10016,1,是來源不穩定的問題,5/19/2016 15:23
8,s10015,,好那你這麼說,5/19/2016 15:23
8,s10015,1,在之前只有火力沒有核能的時代,5/19/2016 15:24
8,s10016,3,潮汐發電也有設廠破壞生態的隱憂,5/19/2016 15:24
8,s10015,,我們就應該只依靠火力而不是提升核能發電的技術?,5/19/2016 15:24
8,s10015,,若是如此,5/19/2016 15:24
8,s10015,,我很好奇現在的世界怎麼會發展晶靠核能的社會,5/19/2016 15:24
9,s10018,1,我支持以核能發電來解決台灣供電問題,6/2/2016 11:29
9,s10018,1,核能發電的成本中，燃料費用所佔的比例較低，核能發電的成本比較不容易受到國際經濟情勢的影響，也不會因為原油價格上漲而有太大的變化。,6/2/2016 11:30
9,s10018,1,核能發電不會排放巨量的污染物到大氣中，所以不會造成空氣污染，也不會產生造成地球溫室效應的二氧化碳。,6/2/2016 11:31
9,s10017,3,但核廢料的問題呢,6/2/2016 11:31
9,s10018,1,核廢料可分為高放射性廢料與低放射性廢料兩種。高放射性核廢料的產生原因，乃由核燃料中易於分裂的鈾235，經由反應完後所得，低放射性廢料係受放射性污染的廢棄物如衣物、紙類、手套等，此類核廢料之處理在經過焚化壓縮固化後，裝進大型金屬罐，以便在淺地層中掩埋。台電早期在蘭嶼掩埋的核廢料即屬於低放射性廢料，因為其放射性低及阻封的關係，儲存場附近居民所受的幅射，實際上是遠低於日常生活中遭受的背景幅射量。,6/2/2016 11:34
9,s10018,,高放射性廢料會產生熱，因此必需以冷卻的方式保存，冷卻期間為30-50年，所以國際間的做法，都是採用水池冷卻、乾式儲存、最終處置三階段處理。國內核電廠因為運轉時間較短，目前所有的高放射性廢料仍以第一階段處理方式，保存於廠內的冷卻池中，並將建造中期乾式貯存設施，以待最終處置。因為高放射性核廢料冷卻期較長的關係，所以全球各國都尚未開始執行最終處置。,6/2/2016 11:35
9,s10017,1,我認為台灣管理核廢料之行政機關與法令均不足,6/2/2016 11:38
9,s10017,,台灣主管核廢料之處理與處置之機關是「行政院原子能委員會」，可是其能力與角 色，長久以來受到質疑。此外，台灣的國會長久以來未深入關切核廢料之管理，以至於 相關法令十分不足，相較於美國之「核廢料政策法」，德國之「原子能法」，瑞典之公 民投票等，顯示台灣官方、民意機構與民間對核廢料之處理與處置不夠重視。,6/2/2016 11:38
9,s10017,1,核廢料的處理與處置，絕對不單只是技術提昇所能達成。除了科技水準的提昇之外 ，政治的考慮與社會的接受度也是決定性的因素。,6/2/2016 11:39
9,s10017,,台灣尚未對高放射性廢料有恰當的處理也是一個問題,6/2/2016 11:40
9,s10018,1,高放射性廢棄物究其來源，係「用過核子燃料(Spent Fuel)」，為回收其中可再利 用的核物料(鈾、鈽)等，經過一連串化學分離的「再處理」程序，產生具有很強的放射性廢液，經 再處理後與玻璃固化而得。到目前為止，我國在政策上並不考慮「再處理工廠」的興建，因為不但 不合乎經濟效益，而且一直是「核子禁擴散」國際公約所禁止的事。所以國內尚無這種「高放射性廢棄物」的存在。,6/2/2016 11:44
9,s10018,1,我國也在獲得技術支援的情況下，於75年起展開可能之最終處置場的地質調查，因為靠近大陸沿海小島因為和台灣本島相比，地質相對較穩定，更比瑞典設在海邊的核廢料處理廠地質條件還好，很適合做為我國境內核廢料最終處置場之地點。目前預計在民國105年選出候選廠址，於民國120年開始進行處置工作。,6/2/2016 11:45
9,s10017,,根據行政院原子能委員會	 ,6/2/2016 11:46
9,s10017,1,核廢料正式的稱呼是放射性廢棄物，簡單的說就是含有放射性核種的廢棄物，依據其來源與特性而分為高與低放射性廢棄物二類，並各有不同的管理方式。對於核子反應器運轉產生，不再進行再處理以循環再利用的用過核子燃料，或將其再處理所衍生的廢棄物，因為具有很高的放射性，因此被歸類為高放射性廢棄物；其它來源者因放射性較低，因此被歸類為低放射性廢棄物。,6/2/2016 11:46
9,s10017,1,用過核子燃料部分，台灣僅有清華大學、核能研究所與台電公司等三個單位有產生用過核子燃料。剛退出核子反應器的用過核子燃料因為具有非常高的放射性，而且會釋出高熱量，因此必須先放在水池中冷卻一段時間後，再取出置於特殊設計的容器中，進行乾式或其他方式之貯存。台電公司已經計畫在核一、二廠內興建乾式貯存設施，並著手評估將用過核子燃料送往核能先進國家進行再處理的可行性，同時委請研發機構進行最終處置技術的研究發展，逐步建立我國高放射性廢棄物最終處置的技術能力。,6/2/2016 11:46
9,s10017,,顯示台灣存在高放射性廢棄物並且沒有處理能力,6/2/2016 11:46
9,s10018,1,高放射性廢棄物的冷卻時間最長可達50年目前核一廠正式商轉都尚未40年，之後還必須經過乾式儲存才能進到最終處置的階段。因此我認為高放射性廢棄物處理是還有時間的。,6/2/2016 11:52
9,s10018,1,"目前我國有3座運轉中的核能電廠，供應全國民眾高品質、安全穩定與清潔的能源。核能發電是我國電力供應鏈中不可或缺的一環。去年全國發電能量（又稱裝置容量）約為32,000 仟瓩，其中核能發電佔16%容量，竟發出22%的電力。相較之下，天然氣發電有19%容量，卻只發出14%的電力。所以核能發電的效能，不只是天然氣的1.8倍，也是所有發電方式之冠。可見核能發電的競爭力遠在各種發電方式之上。 運轉中的3座核能電廠，其中核能一廠位於台灣最北端的石門鄉、核能二廠位於萬里鄉、核能三廠位於台灣最南端的恆春，這些核能電廠從67年起陸續供電，在1990年代巔峰時期供應了全島2/5的電力。",6/2/2016 11:56
9,s10018,1,每年每一核電廠須辦理一次廠內緊急應變演習，每二年則各廠輪流辦理一次廠外大規模核安演習，以便在上述軟、硬體措施無法有效遏阻輻射物質外洩時，有緊急應變能力，確保民眾生命及財產的安全。,6/2/2016 11:57
9,s10017,1,以需求來說，台灣就算是用電高峰的七、八月，台電的備用率超過二○％，也就是指在用電最高峰的七、八月，還有二○％的發電產能閒置。如果核一、核二、核三全都停爐，而其他電廠機組不故障、不同時歲修，也還有六％的備用產能。  以成本來說，台電每度電的發電成本，核能○．六九元，天然氣發電是核能的四．七倍，而每度電成本高達五．九六元的燃油，更是核能的八．六倍，台電因此依賴核能，而閒置其他發電機組。 ,6/2/2016 11:57
10,s10019,6,哈囉,6/16/2016 11:14
10,s10020,6,嗨~~,6/16/2016 11:14
10,s10019,6,你想先分享你的看法嗎,6/16/2016 11:14
10,s10020,1,我支持使用核能發電來部分取代現階段以火力發電為主的台灣供電情形,6/16/2016 11:21
10,s10019,1,現階段我傾向不使用核能電解決台灣供電需求 ,6/16/2016 11:23
10,s10020,1,近年溫室效應、全球暖化加劇，應該使用碳排放量較低的能源，因此我認為核能發電優於傳火力發電,6/16/2016 11:24
10,s10019,3,但是核能發電潛在危險性也不比全球暖化低(!?),6/16/2016 11:25
10,s10019,,這邊可能有兩個議題可以先說明,6/16/2016 11:26
10,s10019,1,核能發電與核電廠：我相信核能發電是一個良好的立意，針對新的有效能源開發,6/16/2016 11:27
10,s10019,,但是，台灣核電廠疑慮過大,6/16/2016 11:27
10,s10019,1,還有全球暖化跟台灣供電問題　,6/16/2016 11:28
10,s10019,,目前排放廢氣量最大都是發展中國家（中國印度）,6/16/2016 11:28
10,s10019,,我沒有看過台灣排放廢氣相關數據，但如果為了減少排放廢氣量或者全球暖化效應,6/16/2016 11:29
10,s10019,,也許應該從全民節電開始:) ,6/16/2016 11:29
10,s10020,3,是的，我也同意核能發電之風險非常高，尤其是台灣的核電廠之營運有許多質疑的空間。 但我認為，並不能因為核四或其他核電廠之個別狀況，就完全否定核能發電有其環保及效率上的優勢,6/16/2016 11:29
10,s10019,2,我想知道你的環保是針對？,6/16/2016 11:30
10,s10019,5,效率不否認，核能發電穩定且發電效益大,6/16/2016 11:30
10,s10019,2,但環保這方面是指？,6/16/2016 11:31
10,s10020,1,我指的是空氣汙染以及化石能源之消耗,6/16/2016 11:31
10,s10019,2,那海洋汙染以及廢料存放？,6/16/2016 11:31
10,s10019,,還有潛在輻射？工程安全？,6/16/2016 11:32
10,s10020,1,我認為核廢料存放的問題是有機會以技術解決的,6/16/2016 11:32
10,s10019,3,我對於科技也有信心，但現階段無法解決的問題，卻仍持續製造問題,6/16/2016 11:33
10,s10019,,種種疑慮讓我個人偏向不支持使用核能發電,6/16/2016 11:33
10,s10020,2,那您認為什麼樣的發電方式較好呢？,6/16/2016 11:34
10,s10019,1,沒有什麼發電方式是最好的,6/16/2016 11:34
10,s10019,,每一種發電方式都有他的內外部成本考量,6/16/2016 11:34
10,s10020,1,因為台灣的用電量節節升高，近年政府提倡節電的政策，卻也成效不彰，民生用電不降反增,6/16/2016 11:34
10,s10020,,這意味著短時間內，高效率、大規模的發電方式仍然是需要的,6/16/2016 11:35
10,s10019,4,感覺是因應市場需求 所以持續擴大供應的概念,6/16/2016 11:35
10,s10019,1,我個人認為 需求是可以被創造與減弱的 ,6/16/2016 11:36
10,s10019,,比如說用電觀念，節能　,6/16/2016 11:36
10,s10019,,但似乎並不能只仰賴政府政令宣傳　,6/16/2016 11:36
10,s10020,5,是的，我相信這是非常重要的,6/16/2016 11:37
10,s10020,3,但是僅靠人民各自節電，可能無法有效地減低台灣整體用電,6/16/2016 11:37
10,s10019,1,這應該是一個全體共識和長期努力目標　,6/16/2016 11:38
10,s10020,,畢竟台灣整體用電還是以工業用電為主，民生用電只是一小部分,6/16/2016 11:38
10,s10019,1,如果談到工業用電，我個人認為這還是價值選擇問題,6/16/2016 11:38
10,s10019,,工業用電是否能調漲企業用電費　,6/16/2016 11:39
10,s10019,,據我所知台灣電收費是偏低的　,6/16/2016 11:39
10,s10019,,還有駐廠相關優惠　,6/16/2016 11:39
10,s10020,5,是的，我同意,6/16/2016 11:39
10,s10019,1,如果採取使用者付費　是否這些企業應為環境多付出點成本,6/16/2016 11:40
10,s10020,4,所以您認為應該優先改變多數人在用電上之觀念,6/16/2016 11:40
10,s10019,1,我認為！然後漲電費可以分類進行,6/16/2016 11:40
10,s10019,,從工業用電開始，但有賴政府跟企業投資方協調,6/16/2016 11:41
10,s10019,,不然大家又會吵說產業即將外移。我覺得這也是價值觀問題，用經濟換環保還是經濟發展為先，環保採取補教教學,6/16/2016 11:42
10,s10020,3,我也認為台灣人民與政府的用電觀念是最重要的根本，但同時，改變價值觀也是最困難的部分，也無法立即見效　,6/16/2016 11:43
10,s10019,5,我認同。,6/16/2016 11:43
10,s10019,1,德國即將在20-30全面\拒絕核電，這是一個很長遠弟計畫　,6/16/2016 11:44
10,s10020,1,可能我的想法比較從實際層面進行考量，我認為改變價值觀應從教育著手，但是眼光要放遠，需要長期的規劃,6/16/2016 11:44
10,s10019,5,我也認同，是教育問題。但這也最難。,6/16/2016 11:44
10,s10020,1,但同時，也需要有一些短程的規劃，對於台灣現階段的發電方式進行一些調整,6/16/2016 11:45
10,s10019,2,比如說繼續採取合能發電嗎?,6/16/2016 11:45
10,s10020,1,既然已經有營運中的核電廠，我認為應該盡可能取代現有的火力發電供電,6/16/2016 11:46
10,s10020,,台灣現在的發電方式以火力發電(燃燒化石原料及天然氣)為主，其次才是核能發電，但也占大約不到1/5,6/16/2016 11:46
10,s10019,3,但目前現有的核能發電廠安全疑慮堪憂 ,6/16/2016 11:46
10,s10019,,包括居住民的抗爭,6/16/2016 11:47
10,s10020,1,在台灣，不管你蓋核電廠、火力發電廠還是社會住宅，都會有居民抗爭.......,6/16/2016 11:47
10,s10019,5,這我認同！,6/16/2016 11:48
10,s10020,1,事實上，我家距離最近的核電廠好像也不到20公里,6/16/2016 11:48
10,s10020,,能夠理解那種擔心核災發生的恐懼,6/16/2016 11:49
10,s10019,2,那你有感受到附近居民對於核電廠的反應是？,6/16/2016 11:49
10,s10020,1,所以我也認為，即使要繼續發展核能發電，也不能忽略了其他綠能產業的發展，像是太陽能、生質能源、風力發電、地熱發電等等,6/16/2016 11:49
10,s10019,5,嗯嗯！這些綠能漸漸的成本也逐漸下降　,6/16/2016 11:50
10,s10020,1,不過我不太相信台灣短時間能有什麼長足的發展啦,6/16/2016 11:50
10,s10020,,電費太便宜，根本不會有另外發展的需求,6/16/2016 11:50
10,s10019,,嗯！,6/16/2016 11:50
10,s10020,,感謝XDD,6/16/2016 11:50
10,s10019,5,認同！,6/16/2016 11:50
10,s10019,,謝謝　：目,6/16/2016 11:51
11,s10022,1,我贊成核能發電,6/23/2016 15:06
11,s10022,,因為核能發電不會ˋ造成空氣汙染,6/23/2016 15:07
11,s10021,1,喔 剛好我不贊成,6/23/2016 15:07
11,s10022,2,為何不贊成,6/23/2016 15:07
11,s10021,1,乾淨能源發電也不會造成汙染,6/23/2016 15:07
11,s10021,,核電有輻射線,6/23/2016 15:08
11,s10022,2,那請問你指的乾淨能源是哪些呢,6/23/2016 15:08
11,s10022,,可以供全台的發電量嗎,6/23/2016 15:08
11,s10021,1,風力、太陽能、水力,6/23/2016 15:08
11,s10021,2,所以現在是因為有核電才可以供應全台發電量嗎?,6/23/2016 15:09
11,s10022,1,但不可否認現在核能發電是台灣目前主要的供電方式吧?,6/23/2016 15:09
11,s10021,2,不是火力發電嗎?其實我不太清楚,6/23/2016 15:10
11,s10022,1,對阿 現在是火力最多,6/23/2016 15:10
11,s10021,1,核能被大家反對的應該是它的汙染所造成的危害,6/23/2016 15:10
11,s10022,,再來就核能,6/23/2016 15:10
11,s10022,2,是怎樣的汙染你無法接受呢,6/23/2016 15:11
11,s10021,1,過多幅射線造成人體病變,6/23/2016 15:11
11,s10022,4,所以只要台灣提供一塊土地蓋核電廠 附近無居民 你就可以接受了嗎?,6/23/2016 15:12
11,s10021,,也會影響土地或海洋,6/23/2016 15:12
11,s10021,1,你不能保證你吃到的東西是沒受輻射汙染的,6/23/2016 15:12
11,s10021,1,而且就台灣的土地小，不管蓋哪裡附近應該都有人,6/23/2016 15:13
11,s10022,3,那請問你若不使用核能發電 那他的供電量你有辦法用其他供電方式彌補嗎,6/23/2016 15:13
11,s10022,,太陽能和風力發電都不是個穩定的供電方式,6/23/2016 15:13
11,s10022,,生質能發電所提供的電量 台灣目前也頂多一趴而已,6/23/2016 15:14
11,s10021,2,你是說可能沒風或沒太陽嗎,6/23/2016 15:14
11,s10022,1,恩對喔 風並不是穩定的一直吹呀,6/23/2016 15:14
11,s10022,,也有可能很小的風,6/23/2016 15:14
11,s10022,,陰天沒太陽,6/23/2016 15:15
11,s10022,,更無法發電,6/23/2016 15:15
11,s10021,1,\雖然這個地區目前沒風或沒太陽，但其他地方不一定沒有,6/23/2016 15:15
11,s10021,2,那除了核能發電量多，你還有其他贊成的理由嗎,6/23/2016 15:16
11,s10022,1,燃料棒體積小，運送與儲存都很方便 ,6/23/2016 15:16
11,s10022,,等於你只要用一架飛機,6/23/2016 15:16
11,s10022,,就可以把一年全台供電量的燃料,6/23/2016 15:17
11,s10022,,都運送過來,6/23/2016 15:17
11,s10021,2,所以? 方便?,6/23/2016 15:17
11,s10022,1,且核能發電亮的穩定性即高,6/23/2016 15:17
11,s10022,,不像ˋ太陽能或風力,6/23/2016 15:17
11,s10022,,忽大忽小,6/23/2016 15:17
11,s10022,,使用核能發電 也不用像火力發電受制於石油價格的波動,6/23/2016 15:18
11,s10021,2,所以你覺得核能夠安全嗎,6/23/2016 15:18
11,s10022,1,我覺得在人為管理上夠小心,6/23/2016 15:19
11,s10022,,是有足夠的安全,6/23/2016 15:19
11,s10021,3,人總是有失常的時候，雖然我不太清楚日本福島的災害是如何產生,6/23/2016 15:20
11,s10021,,地震關係 ,6/23/2016 15:20
11,s10021,,不過當它發生問題時總是需要靠人去解決,6/23/2016 15:21
11,s10021,,那些人就成為前線的犧牲者,6/23/2016 15:21
11,s10022,1,我相信各國一定都經過福島核核能電廠事故經驗學到教訓,6/23/2016 15:22
11,s10022,,強化緊急疏散與防災應變,6/23/2016 15:22
11,s10022,,所以這方面應該是對前線人員的傷害降到最低了,6/23/2016 15:23
11,s10021,3,那台灣的核四若發生問題，它所直接影響的就是附近人口最多的台北和新北,6/23/2016 15:23
11,s10021,,雖然核四一直都蓋不好,6/23/2016 15:23
11,s10021,2,你以前有沒有做過防核災的演練?,6/23/2016 15:25
11,s10022,1,沒有 你可跟我說明一下嗎,6/23/2016 15:25
11,s10021,1,要全部身體離地只有四肢撐住那個,6/23/2016 15:25
11,s10021,,那是以前高中在做防地震演練時，其中的一環,6/23/2016 15:26
11,s10021,,雖然我不知道做這個動作的含意,6/23/2016 15:26
11,s10022,4,好 那今天你如果不想使用核能發電 你覺得對居民健康有危險,6/23/2016 15:27
11,s10022,2,請問你有什麼更好的發電方式嗎,6/23/2016 15:27
11,s10022,,可以彌補缺口,6/23/2016 15:27
11,s10021,,但是那是在有通知之下才做，若是突然來襲，是無法預測的,6/23/2016 15:27
11,s10021,2,哪請問目前核電站台灣發電量幾%呢?,6/23/2016 15:28
11,s10021,,占,6/23/2016 15:28
11,s10022,1,不清楚欸 但應該二三十趴吧,6/23/2016 15:29
11,s10022,,僅次於火力發電是確定的,6/23/2016 15:29
11,s10022,3,如果今天你反核  旦變成增加火力發電的比例造成空氣物染,6/23/2016 15:30
11,s10022,,這是你比較想要的嗎,6/23/2016 15:30
11,s10021,1,也不是要一時就將核電全面退出台灣，可以慢慢減少核電發電的比例，用其他較環保方式來因應,6/23/2016 15:30
11,s10021,,科技在進步，說不定我們現在的問題以後都有方法解決,6/23/2016 15:30
11,s10021,,現在台灣就是有核能也是事實,6/23/2016 15:31
11,s10022,4,如果是慢慢取代的話 而不是立即拆除 我同意,6/23/2016 15:31
11,s10021,5,讚~,6/23/2016 15:31
11,s10021,,在核能發電裡也應該要時時檢測，其運作功能良不良好,6/23/2016 15:33
11,s10021,,其實目前多數人對於核能發電都沒有很了解,6/23/2016 15:34
11,s10022,1,我相信經過福島及車諾比事件後 檢測這方面應該是不用擔心的事情,6/23/2016 15:34
11,s10021,1,政府火或許能提出證明讓民眾安心,6/23/2016 15:35
11,s10022,1,我相信之後若由員工來出來說明,6/23/2016 15:35
11,s10022,,應該更能讓人安心,6/23/2016 15:35
12,s10023,1,不贊成,7/21/2016 15:40
12,s10024,1,贊成,7/21/2016 15:40
12,s10023,1,核汙染,7/21/2016 15:41
12,s10023,,核廢料處理,7/21/2016 15:41
12,s10024,1,立即廢核的代價 政府提出新能源政策，在「不限電、合理電價、達成國際減碳承諾」的前提下，做到「確保核安，穩健減核，打造綠能低碳環境，逐步邁向非核家園」。事實上，我國能源幾乎全賴進口，為了確保能源穩定供應，必須推動能源多元化政策，其中也包括核能。,7/21/2016 15:42
12,s10024,,缺電危機，影響國計民生,7/21/2016 15:42
12,s10023,3,可利用其他替代發電，像是水力、太陽能、風力發電,7/21/2016 15:43
12,s10023,,世界各科技先進國家紛紛虛心檢討本國核能安全與能源政策時，我們的台電與政府官員，居然還能信誓旦旦地跟人民百分之百保證核電的「絕對」安全，不但沒有重新思考危機處理的漏洞，更不要說全面檢討能源政策了。,7/21/2016 15:44
12,s10024,3,水力發電不符合金濟效益,7/21/2016 15:44
12,s10023,1,世界各科技先進國家紛紛虛心檢討本國核能安全與能源政策時，德國在幾年前就已開始討論幾座老舊核電廠的除役，及不再新增核電廠的能源政策。我們的台電與政府官員，居然還能信誓旦旦地跟人民百分之百保證核電的「絕對」安全，不但沒有重新思考危機處理的漏洞，更不要說全面檢討能源政策了。,7/21/2016 15:44
12,s10024,3,風力發電不安定性太高,7/21/2016 15:44
12,s10024,,風力發電是不錯的發電方式，風轉成電的轉換效率不錯，但問題在於，風力發電受限於風，風並不是穩定的一直吹，而是有時大有時小，這會造成發出來的電力有時多有時少，穩定性並不好。,7/21/2016 15:46
12,s10024,3,太陽能發電一樣有穩定性不好的問題，太陽越大發出的電越多，因此晚上不能發電，另外遇到陰天也不大能發電。 那台灣北部，冬天會經常有寒流通過，這段時間經常會下雨、陰天，就不適合發展太陽能發電。 另一個太陽能發電的最大問題是轉換效率很差，目前的太陽能發電產品，太陽能板轉換效率大概只有15%上下，100單位的光只能產生15 單位的電，很低。 ,7/21/2016 15:47
12,s10023,3,繼續使用核能發電代表繼續使核電廠周圍的人口曝露在輻射的風險中。核電廠例行釋放或是意外事件大釋放出的電離輻射導致細胞損傷與基因突變，進而導致癌症與其他相關疾病。特別是兒童所受的傷害更大。,7/21/2016 15:50
12,s10023,,由於目前地球溫室效應嚴重，保留一小部分的核能發電確實有其必要性，但是不能因為這個理由就大量使用。,7/21/2016 15:54
12,s10024,3,如果核能發展對於人體有明顯的影響，那首當其衝的應該會是在台電(或是核電廠)工作的人，任何發電廠都有可能發生意外，不能因為翻\發生過意外就不繼續發展核能，就好像不能因為咬到舌頭而不吃飯吧,7/21/2016 15:55
12,s10023,3,有員工疑似因為長期處在輻射環境中得到癌症,7/21/2016 15:58
12,s10023,1,核能發電的燃料棒使用大約兩年以後可以廢棄，稱作「高放射性核廢料」；而員工平常因為操作接觸放射性物質後，所產生的手套、衣服等一般廢棄物稱為「低放射性核廢料」，核廢料的處理是很令人頭痛的問題。,7/21/2016 15:59
12,s10024,1,美國用核子燃料棒及其他高放射的廢料處理，美國能源部也已在內華達州的猶卡山（Yucca）進行研究，將在明年確認在此地興建地下深層埋藏場，並預定在西元2010年開始營運，美國已投資超過五十億美元進行研究，並將會把研究成果作技術轉移。雖然美國反對我國進行核廢料再利用，不過對於有處理核廢料需求的我國，美國則積極協助我國透過國際合作方式，共同開發最終處置的技術。我國也在獲得技術支援的情況下，於75年起展開可能之最終處置場的地質調查，因為靠近大陸沿海小島因為和台灣本島相比，地質相對較穩定，更比瑞典設在海邊的核廢料處理廠地質條件還好，很適合做為我國境內核廢料最終處置場之地點。目前預計在民國105年選出候選廠址，於民國120年開始進行處置工作。,7/21/2016 16:03
12,s10024,,"核廢料處置及拆廠的經費來源我國在75年7月開始，即從核能發電每度成本中計入0.17元的後端營運費用，所攤提之金額撥入「核能發電後端營運基金」（約占核能發電成本的20%），以支應未來核能電廠核廢料處置及核電廠除役之費用，此提撥標準高於芬蘭，接近瑞士及瑞典的標準，不會偏低。目前整個核能後端營運基金已累積超過1,650億元，還以每年100億元以上持續成長，核四加入後預計可達3,300億元的「核能發電後端營運基金」支付，在核一到核四陸續除役經費花費2,500億元後，還備有800億元可供彈性使用，經費來源沒有問題。",7/21/2016 16:04
12,s10023,3, 只有核能發生事故會造成「極為毀滅性而且全面性」的傷害，無法承受核能災變所付出的代價。國民不只要求強化核電廠的安全對策，甚至希望能邁向非核家園。,7/21/2016 16:04
12,s10024,3,近年來，由於社會的進步，人們對於電力的需求可說是越來越多，再加上台灣土地與天然資源有限，風力及太陽光電等再生能源有其地理條件與其他限制，難以提供充足且穩定之電力。因此在目前的能源科技現況下，核能與再生能源均是乾淨能源的夥伴，而非競爭者。在確保環境以及人體不受到傷害下，核能發電廠確實持續發展的必要。台電核能營運不斷提升設備可靠度與效能，使核能更安全更可靠，贏得民眾信任。配合政府能源政策，提供可靠穩定之優質電力，促進國家經濟發展，早日邁入低碳家園。,7/21/2016 16:05
13,s10026,1,不太贊成，日本福島核災的例子，嚴重影響環境外，對人的身體也造成影響，以及居住地會更加的衰竭。,8/4/2016 15:22
13,s10026,1,日本在三月十一日發生大地震，引發海嘯，導致福島第一核電廠發生核輻射外泄危機，難以解決。根據聯合報報導，日本自衛隊在十八日出動消防車和直升機，在核電廠噴灑數公噸的海水，希望讓核燃料棒浸泡在水中冷卻，阻止大規模的輻射外泄發生。  　　經營福島核電廠的東京電力公司表示，已有五名工作人員死於核電廠內，另有兩人失蹤，二十一人受傷。美國也對核電廠輻射外泄越來越擔心，派機協助美國僑民撤離日本。美核能管制委員會批評，日本政府並未充分說明事件嚴重性，描述過於輕描淡寫，目前還在廠內搶救的人員，則置身在極短時間內就可能致死的輻射量中。,8/4/2016 15:23
13,s10025,3,日本福島核災是因為在事件發生時，現場人員無法第一時間做出應變決定，導致失誤，進而引發嚴重後果，台電現今策略:落發生核災，能可以犧牲核電廠，也不願犧牲核安，且第一現場工作人員，無須回報上級，可以直接下決定。,8/4/2016 15:24
13,s10026,1,核能發電的燃料棒使用大約兩年以後可以廢棄，我們稱作「高放射性核廢料」；而員工平常因為操作接觸放射性物質後，所產生的手套、衣服等一般廢棄物稱為「低放射性核廢料」，核廢料的處理是很令人頭痛的問題。,8/4/2016 15:25
13,s10026,1,核能電廠的投資成本比火力發電廠還大許多，再加上土地取得困難，電力公司所承受的財務風險也比較高，以2012年日本福島核能災變為例，東京電力公司其實是無法承受核能災變所付出的代價，其實是日本政府在背後支持的。  ＞核能電廠的反應器內有大量的放射性物質，如果發生事故釋放到外界環境，會對生態及民眾造成「極為毀滅性而且全面性」的傷害，這一點其實是核能電廠最嚴重的缺點。,8/4/2016 15:25
13,s10026,3,核能應該是人類最後不得已的選擇，而不是必要的選擇 由於目前地球溫室效應嚴重，保留一小部分的核能發電確實有其必要性，但是不能因為這個理由就大量使用。我對核能的建議只有一個：它應該是人類最後不得已的選擇，而不是必要的選擇。換句話說，其實我們還是應該全力投入其他無污染的再生性能源研發才對，而不能因為現在核能發電的成本比較低就大量使用核能發電。,8/4/2016 15:25
13,s10026,1,我國可以採用太陽來替代核能，太陽能目前分為二大類，晶系和非晶系，他們的效率最高為20%，最低為10%，因此我們特地用這二個最極端的例子來看所需面積。  用 最高效率20%太陽能來看，在核四約為3倍原來土地面積(1350公頃對480公頃)，但所有核能電廠都有一個基本安全管制區。目前台灣約為3 公里，在這範圍內所有建築都被限制了，也就是用太陽能絕對可以取代核能，所需土地只要在管制區以內土地就可以了，而台灣所有核電廠只要在管制區範圍內，就 可以完全取代核能容量。 ,8/4/2016 15:26
13,s10026,1,太陽能板可抗輻射，尤其是非晶系的太陽能板，根據實際量測，就算以濃度高達1015cm-2，能量是一百萬電子伏特的高能電子輻射，非晶系電池效率下降不到1%，因此核能電廠原址蓋太陽能發電廠絕對可行。,8/4/2016 15:26
13,s10026,1,台 灣太陽能電池產量去年是全球第二大，今年我們的產能超過10GW(100億瓦)，而台灣所有核能才8GW，也就是說台灣一年所產出的太陽能電池大大超過核 電容量，更是核四廠的4倍大，所以我們有能力向世人證明太陽能可以完全取代核能，而且是更安全、更便宜、更省碳的作法。,8/4/2016 15:26
13,s10026,1,東京電力設於福島縣的福島第一核能發電廠總計有6座發電廠，地震時運轉中的1、2、3號機自動停止運轉，下午5點受海嘯侵襲，廠區內2座緊急柴油發電機無法正常供電，爐心冷卻水泵無法補充冷卻水到爐心，燃料丸體有溶化現象，導致護套失去保護功能，二次圍阻體發生氫爆。,8/4/2016 15:28
13,s10026,1,反應爐中的爐心必須有循環冷卻水完全覆蓋，但因失去電力循環系統無法運轉，導致燃料棒持續增溫，計畫用消防車將海水打到爐心保持冷卻，但必須把產生的蒸氣導到下方的抑壓池，開啟閥門讓蒸氣外釋降低壓力，海水才能打進來，但有部份氫氣跑到二次圍阻體引發爆炸。  福島電廠1到4號機組的情況如下（到19日止）：  1號機∕12日爆炸，二次圍阻體損壞，爐心部份溶融，一部份的燃料棒露出。  2號機∕14日燃料棒全部露出，15日爆炸，抑壓池受損。已進行接電。  3號機∕14日燃料棒部份露出，14日爆炸，二次圍阻體受損，用過燃料池水位偏低，16日冒白煙，可能是反應爐溫度升高，為冷卻燃料棒注入的水產生蒸氣。17到19日持續用大型消防車從地面往反應爐灌水。  4號機∕15日氫爆，主要是剛更換的燃料棒放入濕式貯存池中還繼續發熱。圍阻體爆破，儲存燃料棒的水池曝露在大氣中，輻射可能有大量外洩。同樣在歲修中的5、6號機之所以較沒事，是因為料棒放入濕式貯存池中時間已較久。,8/4/2016 15:28
13,s10026,4,真實的福島核災情況，跟人員沒有第一時機反應並沒有關係，帶來的災害是長期的。,8/4/2016 15:28
13,s10026,,日本官方表示，提升等級的原因是輻射已有外洩，3號機測到400毫西弗（天然背景值約每小時0.2微西弗，每小時200微西弗對人體就有害），且1到3號機燃料棒溶融3%。東京電力集撤離750名員工，僅留180多人，每次50人搶救。,8/4/2016 15:28
13,s10025,1,目前高階核廢料，分為三階段 1.第一階段為濕式貯存：用過核燃料剛自反應爐退出時，尚有殘餘的熱量及輻射線，因此必須存放在電廠內用過核燃料水池中一段時間，以進行必要之冷卻。  2.第二階段為乾式貯存：用過核燃料在上述水池中經多年冷卻以後，其殘餘熱及輻射線已大幅降低，因此可將其自水池中移出，於電廠內另興建乾式貯存設施以進行用過核燃料的乾式貯存。  3.第三階段為再處理或最終處置：在乾式貯存期間，可以將用過核燃料取出，進行再處理以回收鈾與鈽等可利用的物質；或建造最終處置場，永久處置用過核燃料，或永久處置經再處理所產生的高放射性廢棄物，使其與人現類生活圈永久隔離。  就尤以上三階段之處理，已大幅降低其危害性,8/4/2016 15:29
13,s10026,1,1. 台灣的核廢料是個大問題，而且會更大：  以台灣 3 座核電廠，6 個機組， 總發電容量 5144 百萬瓦估計，每年用過燃料約 有 150 噸（約 57 立方公尺）， 而低中強度核廢料約有 1 萬 5 千桶（每桶 55 加侖 ）產生。以每個電廠的 30 年壽命估計，總計屆時所有核電廠皆停止運轉時，台灣將有 4 千 5 百噸用過燃料，45 萬桶低中強度核廢料；再加上除役所產生的廢料，其數量據 估計約等於運轉 30 年所產生的數量。也就是說，我們總計將有用過燃料（或高強度廢 料）約 9 千噸，低中強度核廢料也高達 90 萬桶（是蘭嶼容量的九倍）。 目前台電暫 時將用過燃料貯存於核電廠地下貯池，低中強度核廢料亦暫時貯存於蘭嶼及現有三個核 電廠廠區內的臨時倉庫（核二廠臨時倉庫預計放 4 萬桶）。 如此數量的核廢料年年增 加，將對暫時貯存之空間造成壓力，並逼使台電尋求最終處置的辦法。,8/4/2016 15:31
13,s10026,1,核廢料可能造成之危害是明顯的  核廢料一經最終處置，如果因設計或操作不良而洩漏至環境，即有可能經過食物鏈 等生態作用而造成危害。另一方面，低強度核廢料其實並不代表低危害性。以美國的分 類而言，即使最〝無害〞的低強度核廢料也需經二百至三百年才衰變遞減致其背景濃度 。此外，遭受超鈾元素污染的結果，也令其長期的具有危害性。而且，美國在淺地陸埋 低強度核廢料的歷史是十分惡名昭彰的。全國 6 個商業化運轉的最終掩埋場共有 5 個 因為操作不良、污染地下水、失火等原因被勒令關閉。其中，位於肯德基州的掩埋場， 更因為土壤及地下水受到放射性污染，於 1985 年被美國環保署列為「超級基金場址」 ，約須數千萬美金才能整治除污。另一方面，亦有許多文獻指出，低強度核廢料掩埋場 中，放射性元素在自然環境的遷移性往往比理論預估的要來得高，造成更大潛在的威脅 。台灣缺乏這方面的設計或操作經驗，可能因此而避免外國早期的失敗原因，但也可能 因經驗不足而造成失敗。,8/4/2016 15:32
13,s10025,3,如果發生事故釋放到外界環境，會對生態及民眾造成「極為毀滅性而且全面性」的傷害，這一點其實是核能電廠最嚴重的缺點:  任核發電方式在發展過程中皆會有相對的危險存在。 然而核能雖然造成的後果會很嚴重，但相對變數也沒也那麼多，顧我們只要做好一定的配套，勢必可以大幅減少風險,8/4/2016 15:32
13,s10026,,蘭嶼原住民達悟族在二月二十日發起了「驅逐惡靈」反核廢料運動，該島居民長期籠罩在核廢料輻射線外洩的陰影之中，台灣也許在短期內無法達到完全廢核的目標，但是有許多事是我們眼前可以做的：持續開發新能源、政府訂定明確政策、公民社會持續參與、尊重在地文化與居民生存......蘭嶼達悟人的痛苦與憤怒，提醒著我們不願面對的現實，有關當局是否有足夠的智慧、魄力，重新檢討核廢料政策，還給蘭嶼人尊嚴與正義，值得我們一同督促與關注。,8/4/2016 15:33
13,s10026,,魚罐頭工場變成核四廠 蘭嶼野銀部落耆老林新羽：「他們第一個（次）運來核能廢料的時候，（我們）就問以前的鄉長這個是什麼？他說這個是魚工廠罐頭工廠，就是這樣騙我們！」原本想像中的魚罐頭，變成了裝滿核廢料的黃色鐵桶。從1982年起台電公司就把3座核電廠，以及醫農工界產生的低階核廢料，陸陸續續用船隻送往蘭嶼來存放；但當時規劃蘭嶼只是個中繼站，最終是要將這些核廢料投海處置。  而這個「海拋」的構想，就是會把這些暫放在蘭嶼的低階核廢料，用船載往台灣東南方的的菲律賓海域上，找到約6千公尺以上深度的海溝，就將這些廢料桶一個個拋入大海，等到桶子沉入海底深海，底層的泥沙就會自動被震起，將桶子整個包覆。  但計畫趕不上變化，1991年時國際社會開始禁止將核廢料海拋，1996年更透過「倫敦公約」的修訂，進一步限縮可海拋的項目；所以這些原本「暫放」的核廢料只好留在蘭嶼，等待它們的下一站，但這一等就是30年。,8/4/2016 15:33
13,s10026,1,府紛紛檢討本國的核能發電政策與現存核電廠的安全與維修。德國在幾年前就已開始討論幾座老舊核電廠的除役，及不再新增核電廠的能源政策。本來執政黨已通過讓核電廠延役，在之前就引發反核人士大規模抗議，現在因福島事件的關係，執政黨在各方壓力下主動將延役擱置，並進行全面維修與危機檢討。鑑於此，德國新教與天主教2大教會分別發表聲明，要求政府取消就核電廠的延役，並儘早停止核能發電的發展，以永續性的再生能源取代。,8/4/2016 15:35
13,s10025,1,我們還是應該全力投入其他無污染的再生性能源研發才對，而不能因為現在核能發電的成本比較低就大量使用核能發電:  對於這點，我想我是認同的，但正因為在台灣過度民粹的情況下，在發展其他再生性能源時，受到很多阻礙,8/4/2016 15:39
13,s10025,,所以我們也必須同時使用核能發電，來達到平衡,8/4/2016 15:40
13,s10026,5,同意，但應該更可以去開發其他的資源，以達到對環境的維護，核能絕不是第一的選擇。,8/4/2016 15:41
13,s10026,1,太陽能目前分為二大類，晶系和非晶系，他們的效率最高為20%，最低為10%，因此我們特地用這二個最極端的例子來看所需面積。  用 最高效率20%太陽能來看，在核四約為3倍原來土地面積(1350公頃對480公頃)，但所有核能電廠都有一個基本安全管制區。目前台灣約為3 公里，在這範圍內所有建築都被限制了，也就是用太陽能絕對可以取代核能，所需土地只要在管制區以內土地就可以了，而台灣所有核電廠只要在管制區範圍內，就 可以完全取代核能容量。  台電一定會說這是容量，不是發電量，太陽能到了晚上就不會發電了，這是錯誤說法。  台灣最尖峰用電是夏天，因為很熱，所以冷氣開很多，瞬時用電量大增，所以我們才需要高達20%以上備載電力(超過核能容量12%)。  但是日正當中，最熱時，也就是太陽能發電最強時，所以原則上我們用太陽能取代核能，當然備載電力可以大幅降低，而整個輸配電系統更穩定和安全。  至 於太陽能是否是10倍造價呢？目前全世界最貴是美金6元/每瓦，最便宜是美金3元/每瓦，就算用最貴的美金6元，太陽能要取代核四也才4860 億，而最便宜甚至比核四還便宜(2430億比3100億)，更不用說太陽能是愈來愈便宜，五年內可以達到每瓦2美金，我們當然要用愈來愈便宜的太陽能，怎 麼可能用愈來愈貴的核能呢？,8/4/2016 15:42
13,s10026,1,太陽能板可抗輻射  我們有客戶已經用太陽能在廢棄的礦產和煉油廠或化工廠，因為這些土地被人類榨乾後已經被污染了，無法居住、無法耕作、無法利用，但是用太陽能還是可以產生電，並讓土地休息再生，因此當核能電廠除役後，那麼大的土地怎麼使用呢？原址蓋太陽能是唯一救贖。  有人會質疑那土地廠房不是輻射線很強嗎？太陽能板能抵抗得住輻射線嗎？就是可以！  尤其是非晶系的太陽能板，根據實際量測，就算以濃度高達1015cm-2，能量是一百萬電子伏特的高能電子輻射，非晶系電池效率下降不到1%，因此核能電廠原址蓋太陽能發電廠絕對可行。  我們面臨核能與非核能選擇題時，應該跳出來思考，這題目是問答題，不是是非題。,8/4/2016 15:42
13,s10025,3,太陽能發電，並不一定是很環保的，太陽能板板在製造過中，所產生的汙染物，是無法隨時間而減少其汙染的,8/4/2016 15:44
13,s10026,1,	 專家們因為忽略了過去人們的歷史而低估了這次福島核輻射對人類的危機。而這次福島的危機可能會變得越來越糟。  每天日本都傳來更多有關解決日本核災的挫敗消息，這明顯地告訴我們：核能工業和政府都只是告訴我們很少的訊息、以及他們對於這場核災何時才能受到控制，或人們面對核輻射在體內積累後的所產生的真正危害是完全毫無頭緒的。  有關部門一再向我們保證說，我們現在沒有即時危險；而一些極度深信核能的環保人士，因為認為人類當務之急是以核能來減低全球的二氧化碳排放量，因而他們也重複說著核能工業告訴我們的咒語：即使在核能意外事故的歷史裡，車諾比事件也只是導致少數人死亡。若有人反對核能發展的話，他們便會被醜化和放在反對改變氣候變遷的陣營。,8/4/2016 15:44
13,s10026,1,"這已經是發生意外事故後的20年，但我們卻聽見一群異常多的人患上了各種罕見的骨癌。一位醫生流著眼淚告訴我們說，在一些地方，有三分之一的胎兒是畸形的；而且她需要不斷地治療這些免疫和內分泌系統失調的病人。其他人還告訴我們，他們仍然看到一些住在遠離這些最嚴重污染地區的母親們，她們的母乳裡仍然有銫和鍶，這證明了核輻射仍然存在於食物鏈裡。而村民們也用他們常見而不被重視的「車諾比項鍊」——甲狀腺癌——來為此作證；這裡有許多跡象都顯示著這些人正在急速老化。  很多曾在這場災難裡直接參與的醫生和科學家們，都會說聯合國國際原子能機構在車諾比論壇後所公告的「官方」數字：這場災難裡只有50人死亡，而且最終也只有4,000人會因此而死亡，是對人們的嚴重侮辱，以及過度簡化這埸災害帶來的危險性。",8/4/2016 15:45
13,s10025,2,回過投來 捨棄核能並發展在生能源的同時，要靠甚麼維持基載負荷?,8/4/2016 15:46
13,s10026,,*頭,8/4/2016 15:46
13,s10026,1,需要透過本身擁有的，就是因為已經對現今環境造成負荷，所以才更要去尋找可以減少環境負擔的能源發展。,8/4/2016 15:47
13,s10025,1,很多人為了反對而反對，卻在自己的生活裡大量的使用核能，並不知道他所使用的冷氣跟3c產品，都是核能所支持的,8/4/2016 15:48
13,s10025,,尋找是需要時間的，在過渡期，是需要其他方式來平衡的,8/4/2016 15:49
13,s10026,1,人們生活中的確會使用到，但現今這些能源已經足夠我們使用，那為什麼還要花費更多耗費環境的核四呢？更應該尋找新的替代能源，來讓人們達到環保以及維護自己身體權益。,8/4/2016 15:49
13,s10026,1,台 灣太陽能電池產量去年是全球第二大，今年我們的產能超過10GW(100億瓦)，而台灣所有核能才8GW，也就是說台灣一年所產出的太陽能電池大大超過核 電容量，更是核四廠的4倍大，所以我們有能力向世人證明太陽能可以完全取代核能，而且是更安全、更便宜、更省碳的作法。,8/4/2016 15:49
13,s10026,,現今發展的確需要更多資源與能源，但以盡量不破壞環境的方向去探討，尋找新的能源與出路才是更重要的目標，也是台灣人更應該思索的。,8/4/2016 15:51
13,s10025,,發展核四，很重要的原因是，為了核安，我們必須讓舊的核電廠退休，讓更安全的設備繼續提供我們電力,8/4/2016 15:51
14,s10028,1,我贊成核能發電來解決台灣的供電問題,8/18/2016 11:09
14,s10027,1,我不贊成核能發電,8/18/2016 11:09
14,s10028,1,核能發電的成本中，燃料費用所佔的比例較低，核能發電的成本比較不容易受到國際經濟情勢的影響，也不會因為原油價格上漲而有太大的變化,8/18/2016 11:10
14,s10027,3,但是其實整體成本算起來，和火力發電是差不多的,8/18/2016 11:10
14,s10027,,並沒有比較低,8/18/2016 11:11
14,s10028,1,核能發電所使用的鈾燃料，能量密度比石化燃料高上幾百萬倍，因為燃料棒體積小，運送與儲存都很方便， 一座1000百萬瓦的核能電廠一年只需要30公噸的鈾燃料，一班飛機就可以運送完成。,8/18/2016 11:11
14,s10028,,省時間,8/18/2016 11:11
14,s10027,3,那核廢料的問題怎麼辦呢,8/18/2016 11:12
14,s10027,,核廢料這個據說經過幾十萬年還是持續釋放放射線物質的怪物。,8/18/2016 11:12
14,s10028,1,德國已經擁有一間正在運作中的核廢料玻璃化工廠，用來重新處理舊有，已被封存的核廢料,8/18/2016 11:14
14,s10028,,現在的技術可以處理,8/18/2016 11:14
14,s10028,,玻璃化,8/18/2016 11:14
14,s10027,3,可是放射物質會造成身體病變,8/18/2016 11:14
14,s10027,,台電核能廠退休員工李桂林控訴，「我今天還能站在這裡講話，也是可以講剩半條命，苟延殘喘。」聲音有氣無力，今年65歲的他，拖著患有喉癌病痛身軀召開記者會，指控長期在核電廠工作，接觸輻射物，造成身體病變，,8/18/2016 11:14
14,s10028,1,根據調查，核電廠並不會造成附近居民健康上的威脅，且核電廠的輻射值比起台灣背景輻射值不幾百分之一,8/18/2016 11:15
14,s10028,,其實對身體健康的影響非常小幾乎沒有,8/18/2016 11:15
14,s10027,2,但是核電廠員工的親身經歷，你又怎麼看?,8/18/2016 11:17
14,s10027,1,在高輻射區工作十年間，我多次暴露於高輻射環境下，而且缺乏足夠防護措施。光在核二廠工作期間，就至少有八次遭受輻射空浮汙染。在核一廠時也是，祇在高輻射的汽輪上方工作幾分鐘，那個月就吃進一．六侖目輻射。即便之後調到廠外模擬中心，仍在七十五年間被指派工程攝影任務，必須進去高輻射區拍攝儀器，而且幾乎沒有防護措施。  我曾有胸腔灼熱的不適感，而且原本健康良好的身體，到四十歲後卻開始小病不斷，自己也深感憂心。八十八年至八十九年四次體檢，我血液中紅、白血球數字越來越糟，榮總將體檢結果從游離輻射線作業健康管理的「二級」改成「三級」。但奇怪的是，我在健康狀況未好轉的情況下，又被調降改回「二級」。在我看來，這是要配合台電的吧。  我在九十六年退休，除了白血球與血小板過於低下外，兩年後更在台大檢查出得了喉癌,8/18/2016 11:17
14,s10027,2,還有核安方面應該如何預防呢,8/18/2016 11:19
14,s10028,1,安全防護設備要落實，員工自己也要有警覺,8/18/2016 11:19
14,s10027,2,要怎麼做才能避免核電廠不會發生像福島一樣的問題呢,8/18/2016 11:19
14,s10027,,防護衣是公司給的，如果不是發生問題，怎麼會知道原來防護衣根本沒效呢,8/18/2016 11:20
14,s10027,3,所以一開始就必須質疑公司的權威嗎? 選擇不相信這間公司，不是應該是公司要做好保護工的工作嗎,8/18/2016 11:21
14,s10028,1,台電公司核能安全處處長陳布燦表示，福島電廠主要受海嘯、不是地震影響，台灣三座核電廠加上龍門廠的廠址設計高程都比海嘯可能上溯的高程高，至少都有12公尺。而且台灣核電廠比福島第一核電廠多一部緊急柴油發電機（即第五台氣冷式柴油發電機，10秒內可供電）、2部氣渦輪發電機（10分鐘可供電）。,8/18/2016 11:21
14,s10027,3,就算海嘯侵襲不到，可是台灣是會受地震影響的不是嗎? ,8/18/2016 11:23
14,s10028,1,跟工作習慣也有關係，一件事情做久了難免有惰性，安全方面自己可能也有疏失，而且員工那麼多人這是少數案例,8/18/2016 11:23
14,s10027,2,所以公司不需要位員工負起責任嗎,8/18/2016 11:24
14,s10027,,台灣核電廠除了地震及海嘯之外，其實還暗藏土石流的危機,8/18/2016 11:24
14,s10028,3,互相~他也不能證明就是在核電廠所以得癌症,8/18/2016 11:25
14,s10028,,這樣都怪在核電廠不是很不公平?,8/18/2016 11:25
14,s10027,1,國內的核電廠除了位處地震帶之外，為了抽取冷卻水及運輸核燃料與蓋廠的方便，四座均離海很近，其中核一廠更距離海岸不到一公里，雖然核三及核四距離海岸超過一．六公里，但日本福島海嘯可以到達內陸三公里以上，核三及核四共四個反應爐，若碰到福島海嘯規模，也難逃吞噬，等於台灣四座核電廠、八個反應爐都面臨著海嘯及地震雙重危險。,8/18/2016 11:25
14,s10027,,可是和台電大公司相比，員工終究是弱勢，不是嗎,8/18/2016 11:26
14,s10027,2,好吧! 回到核電廠安全，核電廠有什麼特別的防護或撤退措施嗎,8/18/2016 11:28
14,s10027,,例如遇到地震時該怎麼辦?,8/18/2016 11:28
14,s10027,,而且台灣那麼小，一間核電廠爆了，大概半個台灣都不用活了,8/18/2016 11:29
14,s10027,1,全球的211座現役核電廠中，有6座的30公里圈內人口超過3百萬人，而其中台灣就占了2座—台電核一、核二廠的30公里圈內，人口超過5百萬，相對於此，福島核一廠的30公里圈內是17萬人，地廣人稀多了。台灣其實是全世界唯一把核電廠建在5百萬人口的首都圈內的。,8/18/2016 11:29
14,s10027,,若核災發生在台灣核一、核二廠，將連新竹人也得避難，但即使是30公里圈內的5、6百萬人也無從避難，因為不可能全擠到南台灣。,8/18/2016 11:30
14,s10027,,假設北部的核一、核二廠發生核災，疏散距離即使只訂為150公里，台北人得逃到南投縣復興鄉以南；若恆春的核三廠有核災，高雄人得逃到台南新營以北。,8/18/2016 11:30
14,s10028,1,".第一道防線－燃料丸 燃料丸（Fuel Pellet）是高溫燒結的陶瓷化的固體鈾氧化物，質地緻密堅硬，可以承受2,000℃以上的高溫，保護放射性物質的凝聚力量很強。因絕大部份放射性物質移動距離非常短，所以幾乎都滯留燃料丸內。 B.第二道防線－燃料棒 燃料丸裝入鋯合金燃料護套（Cladding）成為燃料棒（Fuel rod），可承受高溫高壓環境。護套破損的機率小於百萬分之一，只要護套不破裂，溢出燃料丸的放射性氣體及碘就可以有效的被阻滯。 C.第三道防線－反應度先天穩定設計 反應度是衡量反應器設計安全非常重要的參數。我國反應器規定必須設計成負的反應度，所以系統溫度、壓力升高時，會自動抑制反應進行。 車諾比爾電廠的設計就完全不同，當系統溫度與壓力升高時，反應會更加快、更不受控制，這就是車諾比爾電廠會釀成嚴重災害的原因。",8/18/2016 11:31
14,s10028,,現在有好幾種預防措施,8/18/2016 11:31
14,s10028,,都是來應對萬一核災的發生,8/18/2016 11:31
14,s10028,,"第四道防線－反應器控制系統 保護反應器是維護電廠安全最重要的手段，控制棒（Control rod）群與備用硼液控制系統是不可或缺的安全系統。一旦反應器狀況超過設定，系統立刻自動停機，只要1.5秒就可以把核反應停止。若控制棒故障也還有硼液控制系統作為後備，必要時，數十噸高濃度硼液會自動注入反應器，立即終止反應。 E.第五道防禦－厚實反應器壓力槽 核反應器是厚達30公分，重達1,000噸的高強度金屬容器。放射性物質從燃料棒洩漏出來，也被侷限在密閉的反應器內，只有發生極嚴重的事故，放射性物質才會洩漏到系統之外。 F.第六道防線－緊急爐心冷卻系統 只要保持反應器水位就可以防止反應器「乾燒」而傷及燃料，所以在嚴重事故時，保持水位是最重要的行動。我國核電廠都有3套9迴路的緊急爐心冷卻系統，這些系統視反應器壓力啟動，只要有1迴路把水注入反應器，系統就安全無虞。 G.第七道防線－圍阻體（Contaminant） 圍阻體是防止放射性物質外釋最重要的外層防線，它由超過2公尺的強化鋼筋混凝土構成，內部用1/4英吋的鋼板做襯裡，把反應器及密閉冷卻水循環系統通通納入它的防護範圍。任何自反應器或冷卻水系統釋出之放射性物質，均無法釋放到外界環境。 圍阻體是西方核能電廠（如我國）與俄國核能電廠安全措施相當大的差異處。車諾比爾事故[附錄]發生石墨大火時，就是因為沒有圍阻體的設計，所以放射性物質隨火勢而直衝雲霄，造成大面積污染。在另一方面，美國三哩島事故[附錄]結果就完全不同，儘管有20%核燃料受到損毀，卻因為圍阻體發揮功能，幾乎沒有放射性物質外釋到環境中。",8/18/2016 11:32
14,s10028,,七道防線,8/18/2016 11:32
14,s10027,2,這只是廠內的防線，有防線不代表問題不會延伸到廠外，萬一核電廠爆了，疏散策略呢?,8/18/2016 11:33
14,s10028,3,核能的效益還是大於其他方式，你要如何取代???,8/18/2016 11:33
14,s10027,3,因為效益大就可以枉顧人身安全和自然環境嗎,8/18/2016 11:33
14,s10028,1,燃料丸裝入鋯合金燃料護套（Cladding）成為燃料棒（Fuel rod），可承受高溫高壓環境。護套破損的機率小於百萬分之一,8/18/2016 11:34
14,s10027,3,所以就把地球毀了也沒關係嗎,8/18/2016 11:34
14,s10028,1,燃料不會外洩而爆炸,8/18/2016 11:34
14,s10027,3,那假設讓你住在核電廠附近，你願意嗎,8/18/2016 11:34
14,s10028,1,根據調查，核電廠並不會造成附近居民健康上的威脅，且核電廠的輻射值比起台灣背景輻射值不幾百分之一，,8/18/2016 11:36
14,s10028,1,我是願意的,8/18/2016 11:36
14,s10028,,科學家都能證實那就沒韶麼好去質疑的了,8/18/2016 11:37
14,s10028,,事實上是沒有差別的,8/18/2016 11:37
14,s10027,4,所以你只願意相信科學家說的，不願意相信一個在核電廠工作三十年的員工的話嗎,8/18/2016 11:37
14,s10028,1,如果要廢棄的話，世界上為何還有那麼多核電廠?,8/18/2016 11:38
14,s10027,3,說不定科學家根本就沒有踏進過核電廠,8/18/2016 11:38
14,s10027,1,我能理解不是說馬上關就可以關掉核電廠的,8/18/2016 11:38
14,s10028,1,說不定員工沒遵守規定或疏忽這也無法確定,8/18/2016 11:38
14,s10027,,但是我們可以採取漸進式的廢核,8/18/2016 11:38
21,s10041,1,我不贊成使用核能發電，因為使用核能發電患有環境汙染、核廢料汙染與安全上的疑慮。,9/1/2016 14:33
21,s10042,2,請問環境汙染上的疑慮是?,9/1/2016 14:34
21,s10042,,我認為核能發電較於其他發電方式較無汙染的疑慮,9/1/2016 14:34
21,s10042,,您應是要說洩漏造成的環境汙染?,9/1/2016 14:35
21,s10041,1,因為核電廠需要建置在海邊，靠海水來冷卻，所以會造成海水熱化，海洋中會有大量的生物死亡,9/1/2016 14:35
21,s10041,,之前墾丁就有大量的珊瑚礁白化事件,9/1/2016 14:35
21,s10041,,核能所產生的輻射也對環境和人體傷害很大,9/1/2016 14:36
21,s10042,3,但是其實核電廠內的海水是循環使用，處理後降溫才會進行排放,9/1/2016 14:36
21,s10042,,另外核能的輻射基本上並不會有洩漏的風險,9/1/2016 14:36
21,s10042,,除非您是員工,9/1/2016 14:37
21,s10041,1,核能電廠的海水再怎麼處理降溫也無法達到原先海水的水準，如果可以達到的話，核電廠附近的海水就不會熱化，也不會有珊瑚礁大量死亡的事件出現，因此在海水熱化的處理上是有一定的問題存在，並需要解決的。,9/1/2016 14:39
21,s10041,,"核能的輻射在""基本上""不會有洩漏的風險沒錯，但是台灣是一個地震頻繁、颱風頻繁的國家，並不能確定核電廠不被這些天然災害波及",9/1/2016 14:41
21,s10042,3,但是並無實際上的相關研究可以證明珊瑚白化死亡所有的原因都是來自於核能發電的熱能造成，但是核能電廠排放的出的海水溫度精實測後較海水溫度高於一度左右而已,9/1/2016 14:41
21,s10041,1,這種事只要1000個颱風來的時候其中一個影響到核電廠，或10000次地震中其中一個引發海嘯或地殼變動，就會發生如同福島核災一樣的事件,9/1/2016 14:42
21,s10042,3,再加上，台灣確實是地震頻繁的國家沒錯，但是台灣的核能電廠並無建設在斷層上，事實上福島核災的發生也是肇因於海嘯，但台灣並無發展海嘯的潛力,9/1/2016 14:43
21,s10042,,再加上，台灣並無社會和經濟條件可以完全免除核能,9/1/2016 14:43
21,s10042,1,補充，台灣對於核四的安全性審視，包括海嘯的歷史、緊急電源防護、緊急冷卻供水的設計以及若真的有毀滅性強震發生的斷然處置措事,9/1/2016 14:44
21,s10042,,搓施,9/1/2016 14:44
21,s10042,,這些設計與規格皆高於日本,9/1/2016 14:44
21,s10042,,因此不應因噎廢食,9/1/2016 14:44
21,s10041,4,所以您是覺得，因為台灣民眾的用電需求大，且不願意調漲電費，在核能發電較無汙染且政府與核電廠能確保核電安全的情況下，可以繼續使用甚至增建核電廠嗎？,9/1/2016 14:45
21,s10042,1,我認為，台灣的電價與配給需要調整，再生能源與非再生能源的比例也可以逐漸擴大，但是要逐步視台灣的發展與能力而漸漸進行，斷然廢核不是良方。,9/1/2016 14:47
21,s10042,,方式是，應該將舊核電廠停止延役,9/1/2016 14:47
21,s10042,,因為舊核電廠的機組和設計皆早就過了使用年限。,9/1/2016 14:48
21,s10042,1,與之相應的如果在相同或是甚至用電需求漸漸擴大的情形，應將封存的核四在審慎評估下與以啟用,9/1/2016 14:49
21,s10041,5,我同意不應該斷然廢核，但應該逐漸廢核。就如同傳統的火力發電對環境與周圍住戶造成汙染與影響一樣，核能發電也對我們造成環境與安全的疑慮，在這之下，我們應該要想出其他的可永久利用能源，而非相信人定勝天，相信人可以掌握所有的狀況、可以相信機器與數據的安全檢測,9/1/2016 14:50
21,s10042,1,確實可採取逐漸廢核的方式，但是因為台灣最大的能源問題出自於地狹人稠，而我們並無法改變國土或是極力遏止人口成長，再加上環境變遷造成全球暖化日益嚴重也是問題，,9/1/2016 14:52
21,s10041,1,而臺灣民眾並非經濟條件無法接受高電價，而是長期的低電價讓民眾習慣。如果能逐步提高電價，民眾自然也會節電，再配合頂樓加裝太陽能面板、住家採用綠建築等方式補貼民眾，使民眾逐步改變用電方式,9/1/2016 14:52
21,s10042,5,是的，我同意應逐漸輔導，但是目前其實政府投入的心力並不夠,9/1/2016 14:53
21,s10042,,舉例來說,9/1/2016 14:53
21,s10042,3,先前政府輔導養豬戶進行沼氣發電，投資某養豬戶機組，然而有一名輔導成功的案例說大家不太可能逐漸投入，因為成本高昂，一個機組需要自行負擔塊兩千萬的支出,9/1/2016 14:54
21,s10042,,況且中間嘗試許多失敗,9/1/2016 14:54
21,s10042,,您方才提出的太陽能部分,9/1/2016 14:54
21,s10042,1,目前政府也是極力推廣，但目前問題卻是政府輔導家戶或是民眾安裝，有提出部分補助，並且可以蠆售能源給鄭富,9/1/2016 14:55
21,s10042,,政府,9/1/2016 14:55
21,s10042,,然而成本與效益還是無法對應,9/1/2016 14:55
21,s10041,1,"我們無法改變國土大小，但從目前的生育率來看，臺灣人正在逐漸減少，許多中小學也面臨廢校，這代表台灣有更多的荒廢土地可以利用。在德國，有政策是民眾如果在家中或土地裝設太陽能面板，產生的店可以賣給政府，有些農民就在休耕的田中""種""滿太陽能面板，不但提供電力，收入也不比種田差",9/1/2016 14:55
21,s10042,4,是的，如同我先前提到的電力蠆售，但根據資料，其實德國大部分的能源來源主要是由核能電廠、與法國進口等等而得到,9/1/2016 14:57
21,s10042,,資料如下,9/1/2016 14:57
21,s10041,5,我也同意政府對於電力的政策是最大的影響因素,9/1/2016 14:57
21,s10042,1,德國雖然計畫於2022年全面廢核，但以2012年而言，17座核電廠雖因福島事故關了8座，仍供應全德17%（約千億度）的電力。而再生能源雖佔所有裝置容量的50%，卻只提供20%的電力。,9/1/2016 14:57
21,s10042,,德國向法國進口429億度電,9/1/2016 14:57
21,s10042,,另外德國大量用電的季節剛好是風力發電最繁盛的季節,9/1/2016 14:57
21,s10042,,因此與台灣不服,9/1/2016 14:57
21,s10042,,符,9/1/2016 14:57
21,s10042,4,因此雖然數據不應全部採信，但是一件事實是不可抹滅的，也就是現在世界各國沒有任何一個國家可以完全免除核能,9/1/2016 14:58
21,s10042,,再生或是其他能源只是輔助，,9/1/2016 14:58
21,s10041,1,即使德國條件與現況與台灣不符，我們依然可以參考各個國家實施較好的政策,9/1/2016 14:59
21,s10042,5,是的，因此我的立場是，在台灣找尋出最適合或是更適合我們的，成本最小效益最高的能源來源前，不應斷然廢核,9/1/2016 14:59
21,s10042,,或是用各種核能的壞處對此項方式妖魔化,9/1/2016 15:00
21,s10042,,比如火力發電廠和也可能有爆炸風險,9/1/2016 15:00
21,s10042,,但是核能造成的災害確實如果一旦發生就會造成較大社會成本,9/1/2016 15:01
21,s10042,4,我們仍應考量實際發生的機率與安全性,9/1/2016 15:01
21,s10041,5,是的，所以我們應該要節能與開源雙管齊下，一邊逐步廢核、將電費提高到應有的電價，使民眾因高電費而節能，使用補貼方式讓民眾自行生產電力，政府也需要鼓勵研發單位開闢新能源,9/1/2016 15:01
21,s10042,,沒錯~,9/1/2016 15:02
18,s10036,1,我贊成利用核能來供應台灣的電,10/13/2016 10:48
18,s10035,1,不贊成,10/13/2016 10:48
18,s10035,,核能發電有它的危險性,10/13/2016 10:49
18,s10036,2,那你要用甚麼來取代核能,10/13/2016 10:50
18,s10036,,每個發電都有它的風險在,10/13/2016 10:50
18,s10035,1,台灣還有許多其他的能源發電方式,10/13/2016 10:51
18,s10036,3,難道他們就不危險嗎?  對環境無害?,10/13/2016 10:51
18,s10036,,而且他們都有很多限制,10/13/2016 10:51
18,s10036,1,最主要的火力發電,10/13/2016 10:51
18,s10036,,會製造許多的溫室氣體   現在全球暖化嚴重    二氧化碳的排放須要控制,10/13/2016 10:52
18,s10036,1,再生能源發電成本很高,10/13/2016 10:52
18,s10036,,台電公司的電價結構，約有70％是反映燃料成本。若核四不商轉，依目前技術成熟度而言，最可能取代核能的發電方式為燃氣或燃煤。但油、煤、天然氣等進口能源連年價格居高不下，售電成本將因反映燃料成本而大增。,10/13/2016 10:54
18,s10035,3,但是我還是認為這些缺點皆小於核能發電的弊，且興建核電廠的成本非常的高,10/13/2016 10:55
18,s10036,2,你有比較過所有興建成本+原料成本等等的資訊?,10/13/2016 10:55
18,s10035,1,沒有,10/13/2016 10:56
18,s10036,1,現在其他的原物料因為資源有限的關係   也逐漸在漲價,10/13/2016 10:56
18,s10036,,若持續利用煤礦等   成本也是持續提高啊,10/13/2016 10:57
18,s10036,1,而且台灣本島沒有那些原料  只能仰賴進口   ,10/13/2016 10:57
18,s10035,3,核能發電的原料不也是,10/13/2016 10:58
18,s10036,1,而德國自2005年起，為邁向廢核而推動能源轉型政策，並大幅補貼再生能源，至今電價已累積上漲約44％。目前德國電價高達每度新臺幣11元，約為我國4倍。,10/13/2016 10:58
18,s10036,3,可是核能可以再重複使用,10/13/2016 10:58
18,s10035,3,但是也不是可以無限次的重複使用,10/13/2016 11:00
18,s10035,1,而且核廢料的處理方式,10/13/2016 11:00
18,s10035,,就台灣而言，處理的方式並沒有做一個完善的處理,10/13/2016 11:01
18,s10036,1,核分裂所產生的能量很高   相較之下一次可以產生很多電,10/13/2016 11:01
18,s10036,3,只要核廢料處理得當   還是可以使用核能啊  不能因小失大,10/13/2016 11:02
18,s10036,1,現在全台灣用電量逐年在升高   一定得想辦法找高效能發電的來源   穩定電供應充足,10/13/2016 11:03
18,s10036,,核能是目前最符合經濟效益的發電   再生能源發電成本太高了,10/13/2016 11:04
18,s10036,,台灣的電是國營的    電價是全世界來看算是很低的      成本太高   會成為民生的負擔,10/13/2016 11:05
18,s10036,1,台灣核廢料的實際名稱為「低放射性廢棄物」，被指稱「危害的毒素」，即阿伐射線，其穿透力很差，一張紙就可擋住，不可能造成體外輻 射問題。,10/13/2016 11:08
18,s10035,3,臺灣的人或許多國家地方的人民普遍都相同，總是很在乎經濟、成本、錢，這些問題，但是我認為我們在這片土地上所得到的和給予的卻不成正比，對於發電來說我還是認為說要以一個安全、對環境傷害小的方式來做為選擇,10/13/2016 11:10
18,s10036,3,但是經濟是離不開我們的生活  尤其在現在全球化的現況當中     我國的經濟發展也是很重要    沒有經濟就沒有競爭力,10/13/2016 11:12
18,s10035,1,而臺灣卻將核廢料堆置在離島，後續卻沒有做好妥善的處理，反而對當地的居民造成傷害,10/13/2016 11:12
18,s10036,1,用電  會影響到工廠的運作很民生,10/13/2016 11:13
18,s10036,1,那些核廢料是低階的核廢料   其經過水泥封存,10/13/2016 11:13
18,s10036,,台電早期在蘭嶼掩埋的核廢料即屬於低放射性廢料，因為其放射性低及阻封的關係，儲存場附近居民所受的幅射，實際上是遠低於日常生活中遭受的背景幅射量。,10/13/2016 11:14
18,s10035,3,雖然現在是要講核能，但是我想說，經濟、錢那些舊都是身外之物,10/13/2016 11:14
18,s10035,,真正重要的都不會是那些,10/13/2016 11:14
18,s10036,1,在生活中也是會受到不同的輻射來源啊,10/13/2016 11:14
18,s10035,1,但那些輻射相對來說對身體的危害卻是較低的,10/13/2016 11:15
18,s10036,1,而且他們有將核廢料妥善處理封存   是因為非專業人士不了解才隨意說會對人有害,10/13/2016 11:15
18,s10036,,一張紙就可以阻隔核廢料的輻射了   你覺得會對他們有害?,10/13/2016 11:16
18,s10036,2,你有數據說  其他的輻射相對風險比較低嗎?,10/13/2016 11:16
18,s10035,3,雖然說有妥善的處理，但是為何現金還是有許多的例子顯示出核廢料的汙染對於土地以及身體的影響,10/13/2016 11:17
18,s10036,1,台電早期在蘭嶼掩埋的核廢料即屬於低放射性廢料，因為其放射性低及阻封的關係，儲存場附近居民所受的幅射，實際上是遠低於日常生活中遭受的背景幅射量。,10/13/2016 11:17
18,s10036,,資料來源: 永續發展組助理研究員 藍正朋 郭博堯	,10/13/2016 11:17
19,s10038,1,我不贊成使用核能發電來解決台灣供電問題,10/13/2016 14:57
19,s10037,1,贊成，核四目前仍然是台灣發電的主要來源,10/13/2016 14:58
19,s10038,1,在目前有許多新興的能源生產方式是足以替代核能發電的,10/13/2016 14:58
19,s10037,1,如果用太陽能或是生質能源並不能有效地供應目前台灣本島的用電。,10/13/2016 14:59
19,s10038,1,台灣目前還有風力，水力等發電方式,10/13/2016 15:01
19,s10038,,且潮汐發電的技術已日漸成熟,10/13/2016 15:02
19,s10037,1,風力發電的風車需億的土地面積比核電廠更多，而且台灣是季風氣候，風向是固定的，風力也無法預測，風車的設置位置也就不固定。,10/13/2016 15:02
19,s10037,,潮汐發電的發電效率跟風力發電有共通的問題，就是發電效率太低，而且並不穩定。的確比核能發電要來的環保，但上述兩者都無法負荷臺灣在夏天的用電量。,10/13/2016 15:05
19,s10038,1,若是電廠僅有20年的壽命來看，台灣應該沒有更多餘的土地能在一座核電廠的壽命結束後，再找到下一座，甚至是下下一座核電廠的土地蓋核電廠,10/13/2016 15:08
19,s10038,,因為它需要大量的水來進行冷卻,10/13/2016 15:08
19,s10037,4,確實如此，但就目前的狀況來看，我們也沒有更多的土地可以覆蓋太陽能板，除非我們可以負擔更高的電價或是研發出更有效率的方式來發電。,10/13/2016 15:09
19,s10038,4,在臨的論點中提到:除非我們可以負擔更高的電價或是研發出更有效率的方式來發電。 ,10/13/2016 15:10
19,s10038,,而這正也是我們所提倡及努力的目標,10/13/2016 15:10
19,s10038,,這也是為甚麼近年來有大量的資源及技術投入在生質能，潮汐等發電方式的發展,10/13/2016 15:11
19,s10038,,為的就是要能更有效的生產能源,10/13/2016 15:12
19,s10037,1,"另外，若無法有效開源(發電)，何不節流(省電)?因為台灣本來就是人口密度非常高的國家，以日本的經驗來說，海島國家可以利用先天的優勢來發電，但是過渡期怎麼辦呢?我認為非核家園是最終的目標，但也不宜完全汙名化核能發電，當大家都要用電時，誰能擔保""再生能源""能如同核能一般穩定供電呢?如果能夠省電或是使用省電、高效率的家電，會不會更好呢?",10/13/2016 15:12
19,s10038,1,效率的問題可以被改善，但土地被蓋了一座核電廠就是少掉一個空間，因為它壽命一到，就必須用水泥整個封死，就長期的土地利用來說，其效益是銳減的,10/13/2016 15:14
19,s10037,4,"沒錯，臺灣的土地很寶貴。如果利用同樣的面積建造風車或是水力渦輪機能更有效率的發電，當然是最好。可是目前的問題就是同樣的土地面積，我們沒有辦法產出相當於核能電廠的電量。核能很危險或是核能浪費土地，這些訴求都很真實，可是眼下實際的需求更為迫切，我當然也不願意臺灣蒙受""可能爆發的核災""陰影，可是再生能源現在來看確實不夠成熟，兩者的比例可以適當調配，可是我們無法馬上放棄核能。",10/13/2016 15:18
19,s10038,1,我方強調不利用核能，利用較為較為環保的水力，風力，生質能，太陽能等能源生產方式來逐步替代核能發電，亦是考量到台灣地狹人稠，而核電廠所能影響到的輻射範圍含括了首都區,10/13/2016 15:21
19,s10038,,很難保證在使用年限近乎到期的核電廠，不會出現核輻射外洩的意外產生,10/13/2016 15:22
19,s10038,1,近年，也經常出現核一核二廠有輻射外洩的事件,10/13/2016 15:22
19,s10038,,在俄國車若比，日本福島災後，我們可以見識到輻射意外所帶來的影響不僅造成區域性的輻射汙染，同時也影響許多人的健康,10/13/2016 15:24
19,s10038,,技術的不成熟亦會有成熟的一天，輻射汙染的傷害，卻不是一天就能解決的,10/13/2016 15:25
19,s10037,3,環保是很好的、輻射不安全也是事實，但是發電的成本誰來負擔?只要電價上升，所有的食物、商品成本就會上升，受苦的還不是最底層的人民。如果放棄核能發電可以換來很多人的健康，這是最理想的狀況。,10/13/2016 15:26
19,s10038,1,因此，我不贊成用核能發電,10/13/2016 15:26
20,s10040,,你好,10/20/2016 11:08
20,s10040,1,我支持核能發電解決台灣電力問題,10/20/2016 11:08
20,s10039,,你好,10/20/2016 11:09
20,s10039,1,我不贊成使用核能發電,10/20/2016 11:09
20,s10040,1,理由是：1、核能發電不會排放巨量的污染物到大氣中，所以不會造成空氣污染，也不會產生造成地球溫室效應的二氧化碳。,10/20/2016 11:09
20,s10040,1,理由2：核能發電的成本中，燃料費用所佔的比例較低，核能發電的成本比較不容易受到國際經濟情勢的影響，也不會因為原油價格上漲而有太大的變化。,10/20/2016 11:09
20,s10040,1,理由三：放射性核廢料 可以通過科學處理來降低可能的核輻射,10/20/2016 11:10
20,s10040,1,理由四：可以通過科學管理來降低甚至消除發生核洩漏的可能性,10/20/2016 11:11
20,s10040,1,理由五;世界各主要工業國家都加強了核能電廠的建設,10/20/2016 11:12
20,s10039,3,雖然核能發電不會造成空氣污染，但核廢料還是有一定的機會造成土地汙染與海洋汙染。,10/20/2016 11:12
20,s10039,1,成本的方面：太陽能、在岸風力發電以及天然氣產生電力的成本，約較核電與天然氣發電便宜21%。,10/20/2016 11:13
20,s10039,3,雖然科學處理來降低可能的核輻射，但是核能電廠如果發生了甚麼緊急危險不就等同是發生毀滅性災害,10/20/2016 11:16
20,s10040,1,關於核廢料，可以通過自己的研究以及和世界各國的合作來科學處理,10/20/2016 11:16
20,s10040,,找到處理核廢料的方法,10/20/2016 11:17
20,s10040,1,來自永續發展組助理研究員 藍正朋 郭博堯的報告說台電的核廢料產生量和輻射都很低，不會對周邊產生影響,10/20/2016 11:18
20,s10040,,見【核廢料的妥善處理具可行性】,10/20/2016 11:19
20,s10039,3,核廢料一經最終處置，如果因設計或操作不良而洩漏至環境，即有可能經過食物鏈 等生態作用而造成危害。另一方面，低強度核廢料其實並不代表低危害性。,10/20/2016 11:19
20,s10040,,且核廢料的國際合作處理正在有序進行,10/20/2016 11:19
20,s10040,4,你說的是“如果因設計或操作不良而洩漏至環境”,10/20/2016 11:20
20,s10040,,如果能夠通過科學方法避免這類情況出現的話，你覺得有解決核廢料的問題嗎,10/20/2016 11:21
20,s10039,1,最〝無害〞的低強度核廢料也需經二百至三百年才衰變遞減致其背景濃度。如果需要這麼長時間的消耗，我覺得若能找出其他代替的能源對環境會更好,10/20/2016 11:21
20,s10040,3,關於太陽能、在岸風力發電以及天然氣產生電力的成本，約較核電與天然氣發電便宜21%的信息，你是從哪裡搜到的呢,10/20/2016 11:23
20,s10039,1,核廢料的處理與處置，絕對不單只是技術提昇所能達成。除了科技水準的提昇之外 ，政治的考慮與社會的接受度也是決定性的因素。以台灣人稠地狹，經濟活動蓬勃的條 件來看，一般廢棄物（即垃圾）的最終掩埋場就求之不得，爭紛不斷,10/20/2016 11:23
20,s10039,,文章：「德智庫：太陽能與風電成本可大幅低於核電」,10/20/2016 11:24
20,s10040,3,文中的假設是要啟動35年，也就是說前期固定成本並不見得低。並且文中也提到說現在仍有許多因素讓太陽能發電成本難以壓低。,10/20/2016 11:27
20,s10040,4,當然，我并不反對太陽能、風力發電等，如果他們的效率和成本真的較核能有優勢的話，我也會支持這些新能源的。,10/20/2016 11:28
20,s10039,1,"從不使用核能開始，當然需要花時間去轉換，中間轉換的過程可以利用當核能電廠除役後，用太陽能還是可以產生電，並讓土地休息再生""""",10/20/2016 11:29
20,s10040,1,同時還需要考慮這些發電方式對於台灣的適用性。台灣的地理條件有利於開發這些新能源嗎,10/20/2016 11:30
20,s10039,,甚至慢慢減少核能的使用，利用其他生質能或太陽能去慢慢替代，找出更符合成本與效率的方式,10/20/2016 11:30
20,s10039,,"可以參考向世界證明太陽能可取代核能""""""",10/20/2016 11:31
20,s10039,1,太陽能所需土地只要在核能電廠都有一個基本安全管制區以內土地，用最貴的美金6元，太陽能要取代核四也才4860 億，而最便宜甚至比核四還便宜(2430億比3100億),10/20/2016 11:33
20,s10040,3,但是也有人說，至少短期內，新能源還不能替代包括核能在內的其他能源,10/20/2016 11:36
20,s10040,1,【昱晶潘文炎：核能是風險問題 太陽能可取代天然氣尖載發電】,10/20/2016 11:36
20,s10040,,新能源可以彌補尖峰時段的用電，但是不能完全取代核能,10/20/2016 11:37
20,s10040,,【如果我們積極發展太陽能，是不是就不需要核四？】,10/20/2016 11:37
22,s10043,2,核能發電的射性核廢料該怎麼處理,10/27/2016 10:53
22,s10044,1,分危險的等級，比較危險的多半會直接就必存放，比較不危險的才會送出核電廠。,10/27/2016 10:54
22,s10043,4,那如果發生事故釋放到外界環境，會造成人類跟生物一定的傷害,10/27/2016 10:55
22,s10044,1,這就是風險管理的問題了。,10/27/2016 10:55
22,s10043,2,可以怎降低風險?,10/27/2016 10:56
22,s10044,1,更多的監測機制，和公開透明的定期報告吧。,10/27/2016 10:57
22,s10043,2,那對於致癌的輻射物質，可能造成基因突變呢,10/27/2016 10:58
22,s10044,1,那要接觸到才會發生。,10/27/2016 10:59
22,s10044,,前提是有外洩的狀況,10/27/2016 10:59
22,s10043,3,能真的保證不會外洩嗎?,10/27/2016 10:59
22,s10044,1,不能,10/27/2016 10:59
22,s10044,,統計上沒有甚麼事情是絕對的,10/27/2016 10:59
22,s10044,,這是選擇,10/27/2016 11:00
22,s10043,2,那能怎麼改善外洩的可能,10/27/2016 11:00
22,s10044,1,興建的時候甚選廠所,10/27/2016 11:00
22,s10044,,不要建在斷層上,10/27/2016 11:00
22,s10043,2,那我們現在的核電廠的場所如何?,10/27/2016 11:01
22,s10044,1,據台電所言，幾經積過國內外專家會勘過，是可行的場所。,10/27/2016 11:02
22,s10043,3,我記得核能廠幾乎是全自動，偶爾會有工作人員來巡，若是在無人的狀況下，有老鼠或其他生物進入破壞了機器為小的零件，不是很危險嗎?,10/27/2016 11:04
22,s10044,1,這就是施工的問題了，如果建築體在建構的時候，就已經將種重要管線完全密封的話，應該不會有這個問題。,10/27/2016 11:05
22,s10044,1,而且核電廠因該沒有吸引老鼠進入的誘因吧?,10/27/2016 11:06
22,s10043,3,既然危險的因素這麼多，為什麼還要支持核能發電?,10/27/2016 11:06
22,s10044,1,多害相權取其輕吧,10/27/2016 11:07
22,s10044,,不可能不用電,10/27/2016 11:07
22,s10044,,其他的手段沒有必較好,10/27/2016 11:07
22,s10044,,所以只好先選核電作過度時期的手段,10/27/2016 11:08
22,s10044,1,期待生質能再生能源早日進步,10/27/2016 11:08
22,s10043,2,那核能發電工作人員健康該怎麼顧慮?,10/27/2016 11:08
22,s10044,1,增加防復服的等級、定期健檢、用遙控機器去帶多數人力,10/27/2016 11:09
22,s10044,,人員定期輪換,10/27/2016 11:10
22,s10043,2,人力不足的情況下呢?,10/27/2016 11:10
22,s10044,5,這是個有趣的問題,10/27/2016 11:10
22,s10044,,台灣人失業率節節攤升，應該是有很多潛在的人才需要這份工作的,10/27/2016 11:11
22,s10044,,不過台電招考的時候總是有大批人去應募,10/27/2016 11:12
22,s10044,,應該沒有人員不夠的情況吧,10/27/2016 11:12
22,s10043,1,招募應該不是為了想去核能發電廠?可能是其他他們能力所及的工作,10/27/2016 11:13
22,s10044,,?,10/27/2016 11:14
22,s10043,,對健康有疑慮，我認為較少人會想從事這樣的工作,10/27/2016 11:14
22,s10044,3,那放射師怎麼辦?,10/27/2016 11:14
22,s10044,,實驗室的同學怎麼辦?,10/27/2016 11:14
22,s10044,,暴露在更危險的工作比比皆是,10/27/2016 11:15
22,s10044,,甚至是路邊發傳單的人，職災綠和死亡率應該會比這些人員更高,10/27/2016 11:15
22,s10044,,這是職業風險選擇,10/27/2016 11:16
22,s10043,5,我同意! 但如果能有更減少傷害的事情發生不是比較好嗎?,10/27/2016 11:17
22,s10044,2,甚麼傷害?,10/27/2016 11:17
22,s10043,1,人員健康，周邊居民心理的不安...等,10/27/2016 11:18
22,s10044,1,任何職業或事件都有產生傷害的可能性,10/27/2016 11:18
22,s10044,,這些甚至還是已經經過高控管的了,10/27/2016 11:18
22,s10044,,居民心理的不安這些實在很難做為依據,10/27/2016 11:19
22,s10043,2,怎麼樣的高控管? ,10/27/2016 11:19
22,s10044,1,有這麼多人在監督,10/27/2016 11:19
22,s10044,,還有一套設施再減低所有風險,10/27/2016 11:20
22,s10043,1,不只周邊居民，連其他地區的人民也會害怕核能發電,10/27/2016 11:20
22,s10044,4,那如果查過台灣的車禍死亡率,10/27/2016 11:20
22,s10044,,是不是就不要出門了?,10/27/2016 11:21
23,s10046,1,我贊成,10/27/2016 15:49
23,s10045,1,不贊成,10/27/2016 15:50
23,s10046,2,為什麼?,10/27/2016 15:50
23,s10045,1,像現在還有許多的發電方式像是火力、風力、太陽能都能夠發電，以危險性來說上述的發電方式都比核能要來的不危險，所以運用上述的發電方式即可,10/27/2016 15:52
23,s10046,3,"但是火力發電在現代多以燃煤方式進行, 其所造成大量二氧化碳的產生, 是溫室效應很大的一個元兇",10/27/2016 15:53
23,s10045,1,以火力發電為例如果將燃煤的方式變成天然氣就能緩解能源緊缺，減少環境污染。,10/27/2016 15:55
23,s10045,,而且危險性也還是比核能發電來的不危險,10/27/2016 15:56
23,s10046,3,"風力發電的運用亦會造成生態的破壞, 破壞鳥類飛行的軌道甚至是因此絞死在風力發電的風車裡, 而且在台灣風力發電主要靠的是東北季風而我們用電量最大的時候則在夏天的時候, 這樣會供造成不應求的現象",10/27/2016 15:56
23,s10046,,可是燒天然氣也會造成汙染,10/27/2016 15:57
23,s10046,,"它還是在燒東西,所以量一大也會有相當大程度的環境汙染",10/27/2016 15:59
23,s10045,3,是沒錯，所以現在台灣才會運用不同的發電方式來供電，以補足每一個發電方式的缺失。但是核廢料的汙染更為嚴重，更何況現在台灣還沒有一個非常完善處理核廢料的sop流程，這樣讓我們更能預測它的隱憂,10/27/2016 16:01
23,s10046,2,所以你認為只要有完善的廢料處理流程就可以使用核能嗎?,10/27/2016 16:03
23,s10045,1,我覺得會是讓我考慮是用核能發電的選擇之一,10/27/2016 16:04
23,s10046,2,那還是最後一個選擇嗎?,10/27/2016 16:05
23,s10045,1,對，會是最後的選擇。,10/27/2016 16:05
23,s10046,2,可是如果你前面提及的廢料問題已經解決了為甚麼還是最後一個?,10/27/2016 16:06
23,s10046,,"而且核電是發電量最大也是最有效率的一種發電方式, 其他發電方式可能沒辦法及時應付現代生活所需那麼大量的用電",10/27/2016 16:07
23,s10046,3,"然後這種發電方式若停擺勢必的電價會有相當程度的上漲, 那是否大家都已經做好電價有大幅度調整的準備了? 又或是要等電價再輿論撻伐期漲價?",10/27/2016 16:10
23,s10045,1,根據前面提到如果核廢料有完善的流程是會讓我考慮使用核能發電的原因之一，而另外的隱憂就像是311日本地震發生的，如果台灣真的碰到天然災害已致核電廠爆炸，損失更為慘重,10/27/2016 16:10
23,s10046,,可是它的機率比正常情況下飛機調下來的機率還低,10/27/2016 16:11
23,s10046,3,"那為什麼我們要一直搭飛機, 然後一直不能用核能呢?",10/27/2016 16:12
23,s10046,,就..為什麼大家放假去美國都搭飛機沒有人說我要搭船之類的..,10/27/2016 16:13
23,s10045,1,我覺得核電廠的危險因素還有滿多潛在問題還沒有發掘到，如果以後真的有把重要問題解決了，核電廠才能蓋且供電，但現在還沒有很完善，所以還是抱持不贊成的想法。,10/27/2016 16:15
23,s10046,2,"嗯, 那如果核電停擺用電不足的現象出現後應該要怎麼辦呢?",10/27/2016 16:16
23,s10045,1,我自己是覺得依照現在的環境與大家的努力，或許之後也會發掘出更有效且更環保的發電方式也說不定,10/27/2016 16:18
24,s10047,1,我贊成台灣以核電發電來解決供電問題,11/3/2016 10:53
24,s10048,1,我不贊成核能發電,11/3/2016 10:53
24,s10048,2,為什麼?,11/3/2016 10:53
24,s10047,1,因為台灣現今缺乏很多天然資源,11/3/2016 10:54
24,s10048,3,可是核能發電會對人體造成危害,11/3/2016 10:54
24,s10047,1,輻射問題可以透過更好的保護措施來解決,11/3/2016 10:54
24,s10048,,而且我們有火力風力太陽能也可以發電,11/3/2016 10:54
24,s10048,2,例如?,11/3/2016 10:54
24,s10047,1,福島核災是冷卻系統沒有發揮所導致 所以建置更好的核能發電廠保護措施 對於核電會是更安全的,11/3/2016 10:55
24,s10048,2,那對於核能發電廠的員工呢?,11/3/2016 10:55
24,s10047,,火力對於環境衝擊更大,11/3/2016 10:56
24,s10047,1,核能發電廠的員工未來可以用機器人去取代,11/3/2016 10:56
24,s10048,3,但是對於核電廠的建設 居住在地的人不會同意,11/3/2016 10:57
24,s10047,1,所以核輻射可以很安全確保沒有洩露的話 居住在附近的居民也不用感到害怕,11/3/2016 10:57
24,s10047,,而且居住在附近的居民也可以運用核電廠所產生的廢熱水,11/3/2016 10:58
24,s10048,1,現行規定的游離輻射防護安全標準，執業人員的年有效等效劑量限度是五十毫西弗，也就是五侖目。而我最高曾經一個月內從身體檢測出一．六侖目的輻射量，相當於一年的三分之一量，就祇是為了到汽輪機上方主蒸汽管路，安裝精密的溫度探針，在短短數分鐘內就吃下高劑量。 ,11/3/2016 10:58
24,s10048,,這是資深核電廠員工的告白,11/3/2016 10:58
24,s10048,2,如何確保核廢料不外流?,11/3/2016 10:59
24,s10047,1,核廢料可以運用更好的儲存方式 例如使用玻璃化等方式來處理,11/3/2016 11:00
24,s10048,2,那如果有不如預期的天災產生呢?那不就核爆了?,11/3/2016 11:01
24,s10047,1,玻璃化不就等同把它封存了 遇到天災核廢料也不會產生爆炸的問題,11/3/2016 11:01
24,s10048,2,那封存了以後要存放在哪裡呢?,11/3/2016 11:02
24,s10048,,台灣3座核電廠每年用過的燃料約有150噸，低、中、高階核廢料每年約產生1.5萬桶，3座核電廠除役時，全台將有4500噸用過的燃料、共45萬桶低、中、高階的核廢料。若再加上除役時所產生的廢料，總計將有9千噸高階燃料，低、中、高階核廢料也高達90萬桶，是目前蘭嶼儲存場容量的9倍。,11/3/2016 11:03
24,s10048,1,而且核電廠的反應器內有大量的放射性物質，如果在事故中釋放到外界環境，會對生態及民眾造成傷害。,11/3/2016 11:08
24,s10047,1,臺灣沒有辦法存放 我們可以效法其他國家的處理方法來處理,11/3/2016 11:08
24,s10047,,所以未來核電廠 他們在建置的時候一定要確保核輻射不被外洩,11/3/2016 11:08
24,s10047,2,若不採用核電 要採用何種發電方式才不會造成環境衝擊?,11/3/2016 11:09
24,s10048,1,傳統的水力發電，利用水壩的水沖能力，來推動水渦輪機，轉動發電機來發電(優點是無污染，缺點是水力來源有限)。 風力發電，利用陸地上或離岸海面上風速能力，來推動風輪機，轉動發電機來發電(優點是無污染，缺點是風力來源不穩不好控制)。 太陽能發電，利用曲面鏡來聚焦太陽熱能，使放在曲面鏡下面管子內的水(或者氨)，變成水蒸氣(或氨蒸氣)，來推動蒸氣渦輪機，轉動發電機來發電(優點是無污染，缺點是發電效率低)。或者，利用太陽光電板(或者太陽光電池)來收集太陽光能，透過太陽光子與矽薄膜板(或者晶薄膜板)的光電作用而產生電流(優點是無污染，缺點是成本偏高，發電效率偏低)。 地熱發電，利用地下高壓熱水或水蒸氣，直接來推動蒸氣渦輪機，轉動發電機來發電(優點是無污染，缺點是地熱來源有限)。 海水溫差發電，利用海水水面與深水下面的溫差，使鍋爐內的水變成水蒸氣，來推動蒸氣渦輪機，轉動發電機來發電，或者利用海浪、潮汐、洋流來推動水渦輪機，轉動發電機來發電(優點是無污染，缺點是來源不穩發電效率低)。,11/3/2016 11:10
24,s10048,,還有這些是無污染可以進行發電的方法,11/3/2016 11:10
24,s10048,1,不過最重要的還是我們平常要節約用電才能解決根本的問題,11/3/2016 11:11
24,s10048,,以台灣的特殊地理環境，有利開發風力與海洋發電，加上台灣的電腦產業基礎，發展最先進的太陽光能發電，讓綠色再生能源科技，取得經濟與環保平衡發展。,11/3/2016 11:11
24,s10048,,資料來源: 作者 : 黃界清,11/3/2016 11:11
24,s10047,3,提到的其他發電方式對於台灣來說 都是很難去達成的 太陽發電臺灣沒有很大的土地讓你去建置 地熱也沒有足夠的技術 風力以離岸風力來說 建置成本也非常大 碰上颱風也很容易損壞,11/3/2016 11:13
24,s10048,3,但是儲存核廢料對地球來說也是個影響,11/3/2016 11:14
24,s10047,1,核廢料的存放若妥善 其實相較於其他能源 成本較低,11/3/2016 11:16
24,s10048,1,核廢料實際上是全世界除了回收再利用來作劣化原子彈的以外，是沒有任何地方在實行其他任何方式的回收再利用的。,11/3/2016 11:17
24,s10048,,我們不能為了自己的利益和享受把禍害留給下一代,11/3/2016 11:18
24,s10047,1,如果可以運用來做劣化的原子彈 台灣或許可以考慮使用這些核廢料製作國防武器,11/3/2016 11:19
24,s10047,,核廢料的存放 現今低階核廢料一定可以用很好的方法來儲存,11/3/2016 11:19
24,s10048,2,那製作國防武器需使用的人力是否也會接觸到核汙染?,11/3/2016 11:20
24,s10048,,儲存就代表經年累月之下的存放，那萬一有這麼一天無法再存放這些危險物質呢?,11/3/2016 11:20
24,s10047,1,未來機器人的時代來臨 我們可以無人化去製作 讓人力不用去接觸這些核汙染,11/3/2016 11:20
24,s10047,1,(一) 在台灣核廢料的實際名稱為「低放射性廢棄物」，絕對與核彈無關；也不會爆炸和燃燒。  (二) 被指稱「危害的毒素」，即阿伐射線，其穿透力很差，一張紙就可擋住，不可能造成體外輻 射問題。  (三) 低放射性廢棄物中，即使含有極微量被污染的「超鈾元素」，但被水泥固化後再封存於鋼桶 內，深埋於地下，其工程就具有多層防護核種外洩的功能。  總之，目前人類已有成熟的技術，可將核廢料妥善加以處理、處置與管理，故其安全絕對無慮。,11/3/2016 11:22
24,s10048,1,核能科技原本的目標是透過廢燃料棒再處理與使用滋生反應爐等技術，達成核燃料循環（nuclear fuel cycle），充分利用核燃料以取得近乎源源不絕的乾淨能源。然而，這方面的技術一直未能發展成功。核廢料的處理則是核能的另一種大缺點，目前尚無永久的處理方式，只能暫存。,11/3/2016 11:22
24,s10048,,核廢料再處理技術不只無法解決核廢料問題，反而分離出核武原料，增加核武擴散的風險。此外，核能發電意外頻仍，並不是個安全的科技。核安意外遠比外界所知來得多，除了三哩島、車諾比、福島等少數重大核災被廣泛報導以外，其他不是媒體忽略就是當局刻意隱瞞。綜合以上幾點，侯榭流思認為從科技史的角度來看，核能是個失敗的科技。 ,11/3/2016 11:22
24,s10048,,資料來源: 李尚仁	,11/3/2016 11:23
25,s10049,1,不贊成,11/3/2016 14:59
25,s10050,1,我認為可以用核電廠發電,11/3/2016 14:59
25,s10049,1,"我認為核能發電帶有放射性物質,加上核廢料的高輻射仍無法處理",11/3/2016 15:00
25,s10050,1,若不用核電廠，會難以應付尖峰時段的發電量,11/3/2016 15:00
25,s10049,3,但是如果產生自然災害所帶來的影響根本無法預測例如福島核災,11/3/2016 15:01
25,s10050,3,但其他發電廠一樣會有這個問題,11/3/2016 15:01
25,s10050,,不能因噎廢食,11/3/2016 15:01
25,s10050,1,何況不用核能發電，台灣電力不夠，要進口電力也是一個問題,11/3/2016 15:02
25,s10049,3,"核電廠帶來的危害較大,如過是太陽能那類的雖然成本比較高但是對人類的危害沒有那麼大",11/3/2016 15:02
25,s10050,4,電價必定上漲,11/3/2016 15:03
25,s10049,3,"可是就算花比較多錢,但是至少比較安全",11/3/2016 15:03
25,s10050,1,太陽能的轉換效率不高,11/3/2016 15:03
25,s10050,1,問題是 不是全部人都想花這麼多前,11/3/2016 15:03
25,s10050,,錢,11/3/2016 15:03
25,s10050,,如果電費調漲，就不是核電廠附近的人會抗議而已，是全國民眾都會抗議,11/3/2016 15:04
25,s10050,1,要用再生能源的話，生產成本太高效率又低，因此不可能全部取代核能發電,11/3/2016 15:05
25,s10049,3,"核能發電的確有它的優勢,但是它所造成的影響,比如核廢料又該怎麼處理",11/3/2016 15:07
25,s10049,,"總不能因為不是居住在核電廠附近所以就贊成核能,那些居民感覺像是無條件的受害者",11/3/2016 15:08
25,s10050,4,現有的處理方式是掩埋，我覺得這個處理方式還有討論空間，但不足以構成停用核電廠的理由,11/3/2016 15:08
25,s10050,,那你想看全國居民抗議還是核電廠附近的居民抗議?,11/3/2016 15:09
25,s10050,,凡是有利必有弊，要衡量優缺點,11/3/2016 15:09
25,s10050,1,目前看來，核電廠有其必要性，否則不會有這麼多國家繼續使用,11/3/2016 15:09
25,s10050,,除非再生能源技術發展完全，不然短期內還是需要依靠核電廠發電,11/3/2016 15:10
25,s10049,3,"但是因為他們有做好防護措施,但是就台灣來說,核電廠的安全是令人害怕的",11/3/2016 15:10
25,s10050,3,不然我反問你，不用核電廠的話要怎麼彌補用電需求?,11/3/2016 15:11
25,s10050,,核電廠也有做好防護措施啊,11/3/2016 15:11
25,s10049,1,加上台灣位於地震帶,11/3/2016 15:11
25,s10050,3,火力發電廠也怕地震啊,11/3/2016 15:11
25,s10049,1,但是它的危害沒有那麼大,11/3/2016 15:12
25,s10050,3,那就回到我問的問題，不用核電廠的話要怎麼彌補用電需求?,11/3/2016 15:13
25,s10050,,既然你覺得核電廠太危險的話,11/3/2016 15:13
25,s10049,1,"目前是沒有像核能可以解決供電需求的替代能源,但是我覺得就臺灣的地形來說是不是核發展的",11/3/2016 15:13
25,s10049,,適合,11/3/2016 15:13
25,s10050,4,但短期內還是需要仰賴它，對吧,11/3/2016 15:14
25,s10049,5,短期的話是但是就長期來看是不能,11/3/2016 15:15
25,s10050,,但誰也不知道何時再生能源的技術會發展完成,11/3/2016 15:15
25,s10050,3,而且台灣也不適合再生能源,11/3/2016 15:15
25,s10050,,只有太陽能還算有潛力,11/3/2016 15:16
25,s10049,3,"台灣地小人稠,很難找到適合的角落興建核電廠 或存放核廢料",11/3/2016 15:20
25,s10049,,除了這點我是蠻贊成核能,11/3/2016 15:20
25,s10049,,只是就目前的技術真的找不到更適合他的了,11/3/2016 15:21
25,s10050,1,因為輻射汙染難以消除，只能靠長時間掩埋使其衰退,11/3/2016 15:22
25,s10050,,我認為可以徵求願意提供土地掩埋的居民,11/3/2016 15:23
25,s10049,1,可是我覺得掩埋的話會影響作物的生長,11/3/2016 15:23
25,s10050,1,因為核廢料都會仔細包裝處理，不會輕易洩漏,11/3/2016 15:23
25,s10049,1,甚至影響吃到的食物都會存有疑慮,11/3/2016 15:23
25,s10049,3,"可是不能保證,總是會佑人為疏失",11/3/2016 15:24
25,s10050,1,可以埋在房子底下啊,11/3/2016 15:24
25,s10050,,本來就是住宅區，不必擔心作物問題,11/3/2016 15:25
25,s10050,,我認為這都很有彈性,11/3/2016 15:25
25,s10049,2,房子?那住戶呢,11/3/2016 15:25
25,s10049,,他們應該也不想要,11/3/2016 15:25
25,s10050,1,就說可以徵求願意的人,11/3/2016 15:25
25,s10050,,像我就沒差,11/3/2016 15:25
25,s10050,,我相信這個技術,11/3/2016 15:25
25,s10049,3,可是也不一定有那麼多人贊成,11/3/2016 15:26
25,s10050,1,恐懼來自無知，如果對核能技術有一定了解，就有一定的信心,11/3/2016 15:26
25,s10050,,對 所以政府才會推補助,11/3/2016 15:26
25,s10049,3,而且附近的住戶也不一定相信,11/3/2016 15:26
25,s10049,,歐盟委員會最新報告指出，太陽能發電成本每kWh介於 100  至 115 歐元之間，可媲美核能與天然氣發電成本。煤炭發電成本依然最低，每kWh約為 75 歐元。 ,11/3/2016 15:28
25,s10050,1,那是歐盟啊,11/3/2016 15:28
26,s10051,1,不贊成，因為核能發電有許多缺點 1.核廢料存放是一個問題，沒人希望核廢料放在自己的居住地 2.在核廢料場的工作員工接觸到的放射性物質對他們的危害 3.核能發電的成本較高 4.若核電廠爆炸，對於環境將造成嚴重危害,11/10/2016 10:59
26,s10051,2,請問你的想法?,11/10/2016 11:01
26,s10052,1,核能發電的成本其實比其他發電來的低吧,11/10/2016 11:02
26,s10052,5,我贊成核廢料會帶給環境與人體危害,11/10/2016 11:02
26,s10051,1,德智庫：太陽能與風電成本可大幅低於核電,11/10/2016 11:03
26,s10051,,據MoneyDJ的報導，根據德國的研究，新建造的太陽能、風力發電廠產生電力的成本，最多可降低至核能發電新廠房的50%。民眾因此不用擔心改用可再生能源會導致電價攀高。,11/10/2016 11:03
26,s10052,3,但是那是德國,11/10/2016 11:03
26,s10052,,台灣根本就沒有足夠的地方,11/10/2016 11:03
26,s10051,1,德國的研究，ˇ案是是全球的設備,11/10/2016 11:03
26,s10051,,即使成本比較低，但是花多一點錢讓危害變少不是更好嗎,11/10/2016 11:05
26,s10052,3,但是發電成本上升，影響的是產業,11/10/2016 11:05
26,s10051,1,台電對於各種電力來源，採取的電費都是一樣的,11/10/2016 11:06
26,s10051,,ˇ對產業沒影響,11/10/2016 11:06
26,s10052,1,冬季不是我國用電高峰季節，1號機延後啟動不會影響國內供電，但會讓台電增加不少燃料成本；核電廠歲修時，台電必須以較高價的天然氣發電取代，若1號機延後15到20天上線發電，台電為此要增加10億左右的燃料成本。,11/10/2016 11:07
26,s10051,1,嗯嗯 就是台電那邊增加成本而已,11/10/2016 11:07
26,s10052,2,台電增加成本，那成本誰來買單,11/10/2016 11:07
26,s10051,1,對產業沒影,11/10/2016 11:07
26,s10052,,依然是歸回產業,11/10/2016 11:07
26,s10052,3,當然有影響,11/10/2016 11:07
26,s10051,3,核能電來的危害，不是用錢可以衡量的,11/10/2016 11:08
26,s10051,,所以還是以人民的安全為第一考量,11/10/2016 11:08
26,s10052,3,但是這是長痛還短痛？,11/10/2016 11:10
26,s10052,,德國為了廢核，付出了多少代價,11/10/2016 11:10
26,s10051,1,錢沒了，再賺就有，命沒了，有錢也買不到,11/10/2016 11:10
26,s10052,,這也就是為什麼日本不敢廢核的原因,11/10/2016 11:10
26,s10052,1,就算發生了核災也是一樣,11/10/2016 11:10
26,s10051,2,甚麼一樣,11/10/2016 11:11
26,s10052,1,日本就算發生了核災還是一樣不廢核,11/10/2016 11:11
26,s10052,,因為知道這會帶來多大的衝擊,11/10/2016 11:11
26,s10051,3,沒有說要廢核,11/10/2016 11:12
26,s10051,,但可以調整各種電力的發電來源,11/10/2016 11:12
26,s10051,,待日後成本降低 再進行比重的調整,11/10/2016 11:12
26,s10052,5,這我可以理解,11/10/2016 11:13
26,s10052,3,但是現階段要以再生能源來解決供電還有一大段路要走,11/10/2016 11:13
26,s10051,1,是呀 所以說各種發電方式並用,11/10/2016 11:14
26,s10052,4,也就是說現階段的你是支持多元的發電方法包括核能發電來供電囉,11/10/2016 11:15
26,s10051,5,嗯嗯,11/10/2016 11:15
26,s10052,4,那是不是與你一開始的不贊成就產生了矛盾,11/10/2016 11:16
26,s10051,1,沒有矛盾，不贊成是心理因素，但還要要考慮到實質上的需求,11/10/2016 11:17
26,s10052,1,但我們現在確實是在討論實質需求~,11/10/2016 11:17
26,s10051,1,只要有錢，那些成本都不是問題,11/10/2016 11:18
26,s10051,,台電是營利事業，當然會以最大利益為優先考量,11/10/2016 11:18
26,s10052,2,重點是錢哪裡來,11/10/2016 11:18
26,s10051,1,公庫,11/10/2016 11:18
26,s10052,,舉債嗎,11/10/2016 11:19
26,s10051,1,調漲電價,11/10/2016 11:19
26,s10051,,使用者付費,11/10/2016 11:19
26,s10052,4,那就又回到剛剛說的事情上去了,11/10/2016 11:19
26,s10051,3,廢除核電一點都不好過也不可能會好過，只是選擇趨避風險，扛起自己對後代子孫該扛的責任而已，沒有聰明人說這件事代價小，真的，只是得要負起責任而已。,11/10/2016 11:19
26,s10052,4,產業不願意付費，導致產業結構外移，經濟下降，對後代的影響也不會好到哪裡去，只會更窮而已...,11/10/2016 11:20
26,s10052,,有得一定要有失的,11/10/2016 11:21
26,s10051,1,作為一個創新導向的行業的從業人員，電價從來就不是我在做生意時考量的重點。但很多製造業是這樣想的。,11/10/2016 11:21
26,s10052,1,因為製造業是台灣的根基啊,11/10/2016 11:21
26,s10051,,NO,11/10/2016 11:21
26,s10051,,產值比較,11/10/2016 11:21
26,s10051,3,服務業大於工業大於農業,11/10/2016 11:22
26,s10052,,你這麼說,11/10/2016 11:22
26,s10052,4,服務業的東西沒有製造,11/10/2016 11:22
26,s10052,,要賣誰,11/10/2016 11:22
26,s10052,,根本連東西都沒得賣,11/10/2016 11:22
26,s10052,,這是環環相扣的阿,11/10/2016 11:23
26,s10051,1,隨著時代變遷 工廠的位置也跟著變動,11/10/2016 11:23
26,s10051,,早期台灣人力低廉 就在台灣,11/10/2016 11:23
26,s10051,,現在人力成本上升 就移到大陸,11/10/2016 11:23
26,s10051,,在臺灣有工廠，買東西就比較便宜,11/10/2016 11:24
26,s10051,,廠商在外面，東西用進口的一樣買的到,11/10/2016 11:24
26,s10051,,所以沒這個問題,11/10/2016 11:24
26,s10052,3,但產業結構的轉型不是說變就變的，所以我們可以從核能發電討論到這裡就知道,11/10/2016 11:25
26,s10052,,影響多大,11/10/2016 11:25
26,s10051,1,影響都是環環相扣的,11/10/2016 11:25
26,s10052,,是啊,11/10/2016 11:25
26,s10051,4,最後我相信好的創業家是擁抱變化的，自由派的，願意接受短期的痛苦的，所以我相信我們應該優先考慮其他的發電方式。如果我們是幅員廣闊，有空無一人領土的國家，十七年前的核能科技就可以滿足台灣的需要，但偏偏我們就住在那個地震很多的小島。,11/10/2016 11:25
26,s10052,1,希望你說的短期不是10年以上,11/10/2016 11:26
26,s10052,,年輕人先跑光,11/10/2016 11:27
26,s10051,1,沒有做過就不會知道結果怎麼樣,11/10/2016 11:27
26,s10051,,畢竟現在還是很多人反對核能發電的,11/10/2016 11:28
26,s10052,1,這種不負責任的話就別說了吧,11/10/2016 11:28
26,s10052,,沒有經過評估是很恐怖的,11/10/2016 11:28
26,s10051,1,政府對有對應的措施,11/10/2016 11:28
26,s10052,1,這是應該的,11/10/2016 11:28
26,s10051,1,式的，所以我只是提出我的觀點,11/10/2016 11:29
28,s10055,1,我不贊成使用核能發電，因為會造成環境汙染,11/17/2016 15:11
28,s10055,1,核能發電的燃料棒使用大約兩年以後可以廢棄，我們稱作「高放射性核廢料」；而員工平常因為操作接觸放射性物質後，所產生的手套、衣服等一般廢棄物稱為「低放射性核廢料」，核廢料的處理是很令人頭痛的問題。,11/17/2016 15:12
28,s10055,1,核能電廠的投資成本比火力發電廠還大許多，再加上土地取得困難，電力公司所承受的財務風險也比較高，以2012年日本福島核能災變為例，東京電力公司其實是無法承受核能災變所付出的代價，其實是日本政府在背後支持的。,11/17/2016 15:12
28,s10055,1,核能電廠的反應器內有大量的放射性物質，如果發生事故釋放到外界環境，會對生態及民眾造成「極為毀滅性而且全面性」的傷害，這一點其實是核能電廠最嚴重的缺點。,11/17/2016 15:12
28,s10056,1,"環境污染的部分可以將廢料做集中處理,在相對於火力發電的汙染來說,我認為核廢料是相對不嚴重的",11/17/2016 15:12
28,s10055,1,核能應該是人類最後不得已的選擇，而不是必要的選擇 由於目前地球溫室效應嚴重，保留一小部分的核能發電確實有其必要性，但是不能因為這個理由就大量使用。我對核能的建議只有一個：它應該是人類最後不得已的選擇，而不是必要的選擇。換句話說，其實我們還是應該全力投入其他無污染的再生性能源研發才對，而不能因為現在核能發電的成本比較低就大量使用核能發電，此外，核能相關的研發仍然應該繼續努力，不能放棄，或許將來有一天我們可以找到一種類似核融合反應一樣無污染的核能，那麼人類的能源問題就解決囉！,11/17/2016 15:13
28,s10055,1,"核能電廠，無論是何種反應爐設計，無法即時阻止氣候變遷的問題。要有效大量減少排碳能源的使用，至少要在全球現有的核電廠之外，再新建1,000 ~ 1,500座發電量10億瓦以上的核反應爐，並且要在2050年之前全部上線發電、供電。這是完全做不到的主張。",11/17/2016 15:14
28,s10056,1,"目前火力發電的汙染已達相當嚴重的程度,因此我認為採用核能來補足一部分的發電量是合理的",11/17/2016 15:14
28,s10055,3,但核能的汙染是無法回復的,11/17/2016 15:14
28,s10055,1,繼續使用核能發電代表繼續使核電廠周圍的人口曝露在輻射的風險中。核電廠例行釋放或是意外事件大釋放出的電離輻射導致細胞損傷與基因突變，進而導致癌症與其他相關疾病。特別是兒童所受的傷害更大。研究資料顯示居住越靠近運轉的核電廠的兒童，白血病例越高。,11/17/2016 15:14
28,s10056,3,"但火力發電的汙染相當嚴重,必須在兩者之間做出權衡",11/17/2016 15:15
28,s10055,1,核災後的健康影響低估預測是不可靠的。2005年國際原子能機構IAEA與世界衛生組織WHO所發表的切爾諾貝爾核災報告被指控是特意隱藏重要數據，以支持該報告所稱的低死亡率，是經不起科學檢視的報告。國際原子能機構IAEA的成立目的是為了促進核能的使用，在任何健康影響報告上有利益衝突的問題。考慮到輻射致癌，而癌症病發有潛伏期的因素，現在要對福島核災導致的長期健康影響做預測是過早的，雖然現在已經觀察到若干健康影響的症狀。,11/17/2016 15:15
28,s10056,3,"不是說需要大量採用,而是可以做小部分的替代即可",11/17/2016 15:15
28,s10056,,"火力發電的資源也相當有限,在更好的方法被完整的提出前,核能發電不失為一個好的替代方案",11/17/2016 15:16
28,s10055,1,核電問題多多，像日本之核電事故，其影響範圍是無法估計的。在發生核事故之後，福島二本松市所生產的新米樣本中，已經驗出放射性物質銫含量超出政府規定。而福島南相馬市生產的牛肉中也發現超標輻射銫，換句話說，以輻射物質之具有長久的半衰期的特性而言，會通過食物鏈而危害人類以及萬物之生存。再就是所謂正常運轉的核電廠，光是思考如何防止輻射外洩本身就是一大難題，也就是沒有所謂絕對安全的方式。例如，使用後具有高輻射污染的廢燃料棒的貯存，在台灣皆暫時貯存於核電廠的水池中。而中、低汙染廢棄物過去主要貯存於蘭嶼。但這些貯存方式並不能保證絕對安全。,11/17/2016 15:18
28,s10055,,核電已經造成人類以及萬物是否能夠永續生存的問題。我們所欲追求的應是一永續的，在以上主為主體之下，受造物能夠彼此尊重，和諧生存的生態環境。,11/17/2016 15:18
28,s10056,3,"目前台灣主要的發電手段為火力發電,此方法在永續上也造成很大影響,比方說資源取得不易,環境汙染等等",11/17/2016 15:20
28,s10056,,"環境汙染上是一定的,但如何將他降低或者做好安全才是主要重點",11/17/2016 15:21
28,s10055,3,但火力發電的汙染仍較核能發電來得少,11/17/2016 15:21
28,s10055,,核能更不安全,11/17/2016 15:21
28,s10055,,以日本的福島核電廠爆炸為例,11/17/2016 15:22
28,s10055,,這是不可控制的災害,11/17/2016 15:22
28,s10055,,核放射線會帶來可怕的癌症與殘障的嬰兒。,11/17/2016 15:22
28,s10055,1,台灣四座核電廠皆在全球十四大高風險核電廠內,11/17/2016 15:23
28,s10056,1,"若能對核廢料處置的第三階段,最終處置作好相對的配套措施,我認為其汙染的量是可以控制的  以福島為例的話,核電廠中的安全規章準則應訂定的更加仔細明確",11/17/2016 15:23
28,s10055,2,核廢料處置應如何處理呢,11/17/2016 15:23
28,s10056,1,"高風險是因為過去核電廠沒有做好,並不代表核電是壞的",11/17/2016 15:23
28,s10055,1,"1979年美國三哩島發生核災事故，政府下令停建一百十一所新核電廠；美國電力界精英就發揮其智慧，將「核電改為火力發電」，不但拯救了幾千億美元的設備損失，還因另設配套(Tapping Units)，而聚增了62%的發電量，驚訝了全球發電界。就中尤以金馬核電廠(Zimmer Nuclear Power Plant, Ohio)改建成火力發電為最佳典例---其核電廠已建妥九成多，但改建為火力發電竟撙節了一億多美元建廠費。",11/17/2016 15:24
28,s10056,1,"要有效地長期儲存放射性廢物便要把它們轉換成一種穩定, 長期不會降解(因為降解時會產生大量的崩解熱並使廢液沸騰，產生放射性氣體，增加儲存桶的壓力並發生洩漏。) 和發生反應的方式儲存。而將之玻璃化就能做到這一點。",11/17/2016 15:24
28,s10055,1,日本「福島的核災」實該當為驚惕的教訓借鏡。天災的發生，很難預測、控制，所以「核安」若不與天災配合考量，「核安」就易出錯。因此，政府長久的高明策略，實應積極加強轉換運用太陽能、風力等的發電；舊核電廠不應再延役；核四即仿效美國金馬核電廠，改建為火力發電。所以「核四不能只停建、應改建為火力發電」。,11/17/2016 15:25
28,s10055,,將核四改建為火力(瓦斯)發電」；亦無需舉辦「公投」，浪費社會成本,11/17/2016 15:25
28,s10056,2,那火力發電造成的汙染該如何回復呢,11/17/2016 15:28
28,s10056,,未來火力發電的資源又該從核而來呢,11/17/2016 15:28
28,s10055,1,相對而言，天然氣的有害物質較少。  在其轉換成液態處理過程中，硫、氮、水分等不純物質，已被盡數去除，所以燃燒時只產生少量的氮氧化物及二氧化碳。  故此，天然氣可以緩解能源緊缺，減少環境污染。,11/17/2016 15:29
28,s10055,1,火力發電廠通過各種旋轉機械將燃燒產生的熱能轉換為機械能，然後驅動發電機。  原動機通常是蒸汽機或燃氣輪機，在一些較小的電站，也有可能會使用內燃機。  他們都是通過利用高溫、高壓蒸汽或燃氣通過透平變為低壓空氣或冷凝水這一過程中的壓降來發電的。,11/17/2016 15:29
28,s10056,3,"但國際原油成本上升,要對應如此高的成本,勢必要做出一些權衡",11/17/2016 15:30
28,s10055,1,唯有穩健減核，才能兼顧能源安全、經濟發展與民眾福祉，進而打造綠能低碳環境，逐步邁向非核家園。 ,11/17/2016 15:31
28,s10056,1,「福島事件迄今僅造成數人（a few）死亡」，「核電廠已經拯救180萬人的性命，免得他們因火力發電的空氣汙染而致命。」,11/17/2016 15:31
28,s10055,1,311福島事件所在地雙葉町長井戶川克隆提到，這次事故的主要原因，是出在核電廠的基本設計，也是根本問題,11/17/2016 15:33
28,s10055,,日本「全國廢核地方領袖會議」會長、東海村前村長村上達也提到，當自己了解台灣核電廠狀況後，覺得「台灣核電廠建在很可怕的地方」,11/17/2016 15:34
28,s10055,,核災若不幸發生，逃命圈過去台灣只有設8公里,11/17/2016 15:34
28,s10055,,台灣沒有核化災應變方案，卻還要硬蓋核電廠?,11/17/2016 15:34
28,s10055,,核電廠是不說謊就無法運轉的地方,11/17/2016 15:34
28,s10055,1,台灣目前要啟動的核四，是日本東芝、三菱廠商製作的，這是很危險的，難道政府都沒有在反省嗎？再看到大台北地區，我感覺大家住在非常嚇人的地方，事故發生根本無法逃難，最好的方式就是疏散核電廠，唯有關掉核電廠，大家的生活才會有保障。,11/17/2016 15:35
28,s10056,4,"所以台灣應當志定核災的應變方案,修改核電廠設計,而非一昧的拒絕核能",11/17/2016 15:35
28,s10055,,制定,11/17/2016 15:35
28,s10055,3,請提出完整並且完善的應變方式,11/17/2016 15:36
28,s10055,,而台灣的核一、核二、核四都跟福島電廠的機型、設置時間差不多，也就是說，福島核災也可能發生在台灣。然而，相較於福島，台灣四個核電廠的位置、結構有許多令人擔心之處。,11/17/2016 15:37
28,s10055,,台大化工系教授施信民表示，車諾堡事件當時疏散30公里，台灣核電廠的緊急疏散只有半徑5公里，多數的新北市、全部的台北市都在核一、核二廠30公里範圍內，五、六百萬人口，同樣疏散面積人口是日本的20倍，疏散難度更高。,11/17/2016 15:37
28,s10055,,以上困難點該如何解決,11/17/2016 15:37
28,s10055,,且核電廠事故一再發生,11/17/2016 15:38
28,s10055,,我們如何確保相關福射災害不再發生,11/17/2016 15:38
28,s10055,,而這些災害不只是人命傷亡,11/17/2016 15:38
28,s10056,1,與福島核災相較，車諾比核災之嚴重性有很大的差異，是因為其原子爐無圍阻體加以包封，造成大量放射性物質隨爆炸而外洩，且當時的蘇聯政府未執行適當的疏散與防災應變，受害民眾在發生事故時放射性碘隨著飲水與食物進入體內，因而出現罹患甲狀腺癌增加。如果當時有進行良好的疏散計畫，這種體內甲狀腺劑量曝露增加，是可以避免的。,11/17/2016 15:38
28,s10055,,對於整個地球的環境都有殘留性,11/17/2016 15:38
28,s10056,,1986年4月26日車諾比爾核電廠，發生核能工業史上最嚴重的核子事故，災變發生的原因是因為蘇聯設計的反應爐，安全穩定度不足(如正溫度反應度係數等)、且沒有圍阻體，加上運轉人員的操作違反運轉規範，導致反應爐失去控制，以致釀成災害。,11/17/2016 15:39
28,s10055,1,台灣核電廠的緊急疏散只有半徑5公里，多數的新北市、全部的台北市都在核一、核二廠30公里範圍內，五、六百萬人口，同樣疏散面積人口是日本的20倍，疏散難度更高。,11/17/2016 15:39
28,s10055,,車諾比事件後出現許多身心障礙的兒童，且日本也發生嚴重核安危機,11/17/2016 15:39
28,s10055,,難道台灣還要重蹈覆轍嗎,11/17/2016 15:40
30,s10060,1,贊成核能發電 因為台灣尖峰時間用電主要由火力跟核能提供,12/1/2016 10:48
30,s10060,,去除核能 台灣尖峰時間用電是個很大問題,12/1/2016 10:48
30,s10059,1,反對 未來能使用替代能源,12/1/2016 10:49
30,s10060,3,但是現階段台灣替代能源方案不成熟,12/1/2016 10:50
30,s10060,,一般民眾也沒有良好節能習慣,12/1/2016 10:50
30,s10060,,造成需要大量用電 這大量用電並非替代能源能夠提供,12/1/2016 10:50
30,s10059,1,現階段需要配合政策及教育 並對於天災與安全問題考量 ,12/1/2016 10:53
30,s10060,1,核能目前各國都在使用 對於輻射防範相當成熟 雖然不能避免俄國與日本輻射外洩問題 但是我們能夠更加地注意與監控 核能還是可以在被控管的範圍內使用,12/1/2016 10:56
30,s10060,3,替代能源與節能確實可以由政策跟教育改進 但離真正落實需要一段漫長的時間,12/1/2016 10:58
30,s10059,3,沒有及時危險性不表示這個方法在未來能繼續安全,12/1/2016 11:00
30,s10059,,不能忽略造成意外後 是相當長久的影響,12/1/2016 11:01
30,s10060,1,就現階段而言 核能使用至少五六十年的歷史 多個國家都有使用 只有兩筆的災害個案 雖然不是絕對安全 但是發生機率相當低,12/1/2016 11:03
30,s10060,,必須要有多項因素的組合才會誘發災害 也從過去的經驗中 讓我們知道要更加謹慎使用,12/1/2016 11:04
30,s10060,,從日本的警惕中 我們也知道要確實要落實核電廠在災害時的演練與防治,12/1/2016 11:05
30,s10059,1,核廢料問題也必須列入考量 眼不見為淨的做法並不能長久,12/1/2016 11:06
30,s10059,2,想請問天災如何防治?,12/1/2016 11:07
30,s10060,1,核廢料問題現在目前科學家要在改善 是否能夠降低輻射量或是體積 並且現在核廢料的儲存是沒有外洩問題,12/1/2016 11:09
30,s10060,1,天災的防制加強核電廠鈺到災害時不被破壞的強度 並且對於周邊居民做好防災演練跟預警系統 將低災害發生程度,12/1/2016 11:10
30,s10060,2,那麼不贊成使用核電 台灣現在用電問題怎麼解決,12/1/2016 11:10
30,s10059,1,雖然目前外洩問題得到管控 但存放核廢料的空間與成本都是當前的問題,12/1/2016 11:12
30,s10060,4,但是現階段替代能源並無法提供足夠電力 成本也相較於核能發電所帶來的成本高 所以現階段核能發電較有優勢,12/1/2016 11:14
30,s10060,,在成本考量方面,12/1/2016 11:14
30,s10059,1,太陽能的推廣與其他生質能源的發展能逐漸取代,12/1/2016 11:14
30,s10060,2,但是取代需要多久之後?,12/1/2016 11:15
30,s10059,1,現階段雖然推展不易 但轉化是必要的趨勢 太陽能的發展越來越成熟 有望在未來成為主要供電,12/1/2016 11:17
30,s10060,4,我支持替代能源在未來可能會取代核能 帶是現在面臨的是時是有太多困難需要一一克服,12/1/2016 11:17
31,s10061,1,我不贊成以核電發電來解決台灣供電的問題，我認為可以使用各種替代能源一起解決台灣的電量需求,12/1/2016 14:49
31,s10062,3,那你要漲電費嗎,12/1/2016 14:50
31,s10061,1,漲啊！而且認真想一下，我們真的有需要這麼多電？,12/1/2016 14:51
31,s10061,3,核廢料要放你家嗎？,12/1/2016 14:51
31,s10061,,核廢料至今尚未有根本解決的方法,12/1/2016 14:51
31,s10062,1,一般民眾或許不用 但有許多工業都是需要的,12/1/2016 14:51
31,s10061,3,如果有了汙染，會影響健康，經濟這些還需要談嗎？,12/1/2016 14:52
31,s10062,1,在我們此生之年還不會與到這問題,12/1/2016 14:53
31,s10061,4,現在其實有許多家積極發展各種替代能源，當技術成熟時，電價自然也會降下來,12/1/2016 14:53
31,s10061,,輻射的汙染是會當下影響的,12/1/2016 14:54
31,s10062,1,但不曉得需要多久時間,12/1/2016 14:54
31,s10061,3,你怎麼會知道不會影響當下,12/1/2016 14:54
31,s10061,,車諾比事件時當下的人們是安然無恙嗎？,12/1/2016 14:55
31,s10061,1,當初發展核能時，也花了許多的時間,12/1/2016 14:55
31,s10062,1,但核能的確為人類帶來許多好處,12/1/2016 14:56
31,s10062,,解決許多工業上之問題,12/1/2016 14:56
31,s10062,5,不可否認有危害,12/1/2016 14:56
31,s10062,,但不管核能發電或其他種發電方式,12/1/2016 14:57
31,s10061,1,在當時，的確如此，當時尚未有替代方案。如今各種技術的成熟，可以循序漸進地替代核能,12/1/2016 14:57
31,s10062,,都是純\存在性的風險,12/1/2016 14:57
31,s10062,2,那您覺得有哪些可替代能源呢,12/1/2016 14:57
31,s10062,,除了現以技術成熟的,12/1/2016 14:58
31,s10062,1,地狹人稠的台灣，因為缺乏石油、天然氣等資源，能源大多仰賴進口，自給率不足，在台灣經濟起飛時期，能源消耗量大，台灣的核能發電廠遂在1970年代起開始運轉，數十年來，占台灣電力資源有不可或缺的地位。,12/1/2016 14:59
31,s10061,1,地熱、太陽能,12/1/2016 14:59
31,s10061,,太陽能在國外已有一定的技術,12/1/2016 15:00
31,s10062,1,在早期技術科技還未如此進步時 的確是仰賴核能的,12/1/2016 15:00
31,s10061,1,台灣生產的太陽能板也是有品質保證的喔！,12/1/2016 15:00
31,s10061,,所以是慢慢替代,12/1/2016 15:00
31,s10062,3,在國外有 台灣不見得能有,12/1/2016 15:00
31,s10062,4,若停止核電，電力不足的狀況下，勢必電價高漲，屆時也可能面臨限電等問題。,12/1/2016 15:01
31,s10062,,您說的,12/1/2016 15:01
31,s10062,,是在未來不曉得多久以後,12/1/2016 15:02
31,s10061,1,所以是各種能源一起進行，核能慢慢減少,12/1/2016 15:02
31,s10062,3,但是不是應該先解決當下問題,12/1/2016 15:02
31,s10062,,或許這樣說也行,12/1/2016 15:02
31,s10061,1,節約用電也許是最根本的,12/1/2016 15:03
31,s10062,1,節約用電是為了省錢,12/1/2016 15:04
31,s10061,1,旦省電就會減少總需求量，也許就不需要核能這麼多的供電量,12/1/2016 15:05
31,s10061,,省錢也許是一種因果後的獎勵,12/1/2016 15:06
31,s10061,,用多少就花多少錢,12/1/2016 15:06
31,s10062,4,節約能源所省下之電 或許還無法降低總需量,12/1/2016 15:06
31,s10062,,因為台灣是製造與代工國家,12/1/2016 15:07
31,s10062,,需要的能源遠遠超過想像,12/1/2016 15:07
31,s10061,3,現在還慢慢被中國大陸取代,12/1/2016 15:07
31,s10062,1,況且台灣有許多能源是仰賴進口,12/1/2016 15:08
31,s10061,3,對，但台灣本身其實也有許多可以轉換的能源,12/1/2016 15:09
31,s10062,1,台灣是屬於開發中國家 在許多技術上還未能許其他國競爭,12/1/2016 15:09
31,s10061,3,那為何有這麼多國家喜歡我們生產的太陽能板？,12/1/2016 15:10
31,s10061,,我們不可以小看自己啊！,12/1/2016 15:11
31,s10062,1,台灣佈局綠能產業甚早，不管是LED與太陽能等產業的產量與產值都在全球名列前茅。不過在全球金融危機的衝擊下，與面板及DRAM二大產業被稱為「四大慘業」，近年台灣LED與太陽能產業各虧損金額高達百億元之譜。,12/1/2016 15:11
31,s10062,,上網估狗看一下啊,12/1/2016 15:11
31,s10061,3,就需要看這是何時的資料,12/1/2016 15:11
31,s10061,,如果貪圖現在的方便，之後也會危害到自己。科技日益進步，也查過許多國家成功案例，台灣的自然條件有地熱、風力、太陽、潮汐，甚至是水力，都是可以參考的。,12/1/2016 15:14
31,s10062,,有知\資料顯示就表示的確有這問題啊,12/1/2016 15:14
31,s10062,,所以是不是應該結合各種能源同時進行,12/1/2016 15:15
31,s10062,4,才能達到雙贏局面,12/1/2016 15:15
31,s10061,5,沒錯！就是這個意思！,12/1/2016 15:15
31,s10062,,還有1分鐘,12/1/2016 15:16
31,s10061,,沒錯,12/1/2016 15:16
31,s10061,,不過有共識了,12/1/2016 15:16
31,s10061,,可喜可賀,12/1/2016 15:16
31,s10062,,是不是脖子很痠,12/1/2016 15:16
31,s10061,,沒脞,12/1/2016 15:16
31,s10061,,而且不能亂動,12/1/2016 15:16
32,s10064,1,你好，我贊成，因為現階段沒有更好的解決方式,12/8/2016 10:42
32,s10063,1,我不贊成，因為核電只是讓目前便利但是對於以後世代是永久的傷害,12/8/2016 10:44
32,s10064,2,你認為的傷害是核廢料的部分嗎,12/8/2016 10:45
32,s10063,1,對的,12/8/2016 10:47
32,s10064,2,所以你有看過核廢料是怎麼處理的嗎,12/8/2016 10:47
32,s10064,1,我不認為有太大的問題,12/8/2016 10:47
32,s10063,2,為何不會有太大問題呢,12/8/2016 10:47
32,s10064,1,現在也沒有數據顯示核廢料對人的影響吧,12/8/2016 10:48
32,s10064,,因為經過妥善處理後安全性很高  就是一個罐子,12/8/2016 10:48
32,s10064,2,(一) 在台灣核廢料的實際名稱為「低放射性廢棄物」，絕對與核彈無關；也不會爆炸和燃燒。  (二) 被指稱「危害的毒素」，即阿伐射線，其穿透力很差，一張紙就可擋住，不可能造成體外輻 射問題。  (三) 低放射性廢棄物中，即使含有極微量被污染的「超鈾元素」，但被水泥固化後再封存於鋼桶 內，深埋於地下，其工程就具有多層防護核種外洩的功能。  總之，目前人類已有成熟的技術，可將核廢料妥善加以處理、處置與管理，故其安全絕對無慮。  ※※臺北榮民總醫院玉里分院政風室關心您,12/8/2016 10:48
32,s10064,1,當然今天如果有環保又便宜的方法取代核能我也覺得很好,12/8/2016 10:49
32,s10063,1,但是那個物品會一直留在地球上，就像是塑膠、垃圾一樣，越堆越多，幾乎永遠不會消失,12/8/2016 10:51
32,s10063,,況且核能發電後除了低放射性廢棄物，還有高放射性廢棄物，台灣並沒有很好的楚製技術能力,12/8/2016 10:52
32,s10064,1,大家一定懷疑另有一種「高放射性廢棄物」的存在。顧名思議， 其英文名稱為「High Level Waste」， 乃屬高度污染放射性的廢棄物。究其來源，係「用過核子燃料(Spent Fuel)」，為回收其中可再利 用的核物料(鈾、鈽)等，經過一連串化學分離的「再處理」程序，產生具有很強的放射性廢液，經 再處理後與玻璃固化而得。到目前為止，我國在政策上並不考慮「再處理工廠」的興建，因為不但 不合乎經濟效益，而且一直是「核子禁擴散」國際公約所禁止的事。所以國內尚無這種「高放射性 廢棄物」的存在。,12/8/2016 10:53
32,s10064,4,所以你認為沒有核能電不夠的問題該怎麼解決,12/8/2016 10:54
32,s10063,1,關於剛剛所提的核廢料，據原能會統計，截至去年，我國三座核電廠廠內共累計10萬4013桶低階核廢料，再加上桃園核能研究所接收民間醫、農、工及研究單位產生的放射性廢棄物1萬211桶，蘭嶼貯存場10萬277桶的話，台灣已累積逾廿萬桶。另外，原能會物管局每年公布低放射性廢棄物固化桶統計，去年核一廠、核二廠、核三廠各新增80、66、35桶，合計一年約增加兩百桶55加侖裝固化核廢料。,12/8/2016 10:56
32,s10063,,臺灣有高放射廢棄物喔：用過的核子燃料屬於高放射性廢棄物，核電廠每運轉18個月，會從反應爐退出1/3用過的燃料棒，由於剛取出時放射性極高，須放在冷卻池待其相對安定後，再改採乾貯或放到最終處置場，目前我國三座電廠已累積1萬6671束用過的燃料棒。,12/8/2016 10:57
32,s10064,1,對阿，就像垃圾掩埋場一樣，但你不會完全不製造垃圾,12/8/2016 10:59
32,s10064,,高放射廢棄物在處理前都在核電廠裡,12/8/2016 11:00
32,s10063,1,核電廠全停 電都夠用 以需求來說，台灣就算是用電高峰的七、八月，台電的備用率超過二○％，也就是指在用電最高峰的七、八月，還有二○％的發電產能閒置。如果核一、核二、核三全都停爐，而其他電廠機組不故障、不同時歲修，也還有六％的備用產能。 ,12/8/2016 11:00
32,s10063,1,我覺得問題點在於，不要核電的話，全民願不願意一同節電？ ,12/8/2016 11:01
32,s10064,5,沒錯，沒有節電就是空談,12/8/2016 11:01
32,s10063,1,過去低價電費時，沒有明顯誘因，電費再折扣，反而讓原本賣一度電虧一度的台電，虧損更加劇。,12/8/2016 11:02
32,s10064,5,我完全同意，也認為非核家園是理想，但是現階段的現實就擺在這,12/8/2016 11:02
32,s10063,1,還有過低的電價造成的電費濫用,12/8/2016 11:02
32,s10063,,剛剛有提到，就算現在無核電，電還是夠用阿,12/8/2016 11:02
32,s10064,3,6%的備用產能?,12/8/2016 11:04
32,s10064,,你不覺得太少嗎，夏天每個人都開冷氣，今天夏天就好幾次紅色負荷量還是啥的,12/8/2016 11:05
32,s10063,4,所以說要調高電費，這樣大家吹的頻率一定會降低,12/8/2016 11:07
32,s10063,1,而且那些在核能廠工作的員工與附近居民都有風險，尤其那些在核電廠工作的人,12/8/2016 11:08
32,s10063,,台電訓練的第一批核電正式員工，死的死、逃的逃，至今還留在核電廠的屈指可數，其中祇有李桂林在核一、二廠高輻射區待最久。他在台電工作三十幾年，曾一個月吃下三分之一年輻射量，導致血液病變，誘發喉癌。,12/8/2016 11:08
32,s10064,3,我不認為火力發電比較環保啊\,12/8/2016 11:08
32,s10064,,實際上也只有看到李先生一個人出來講，而且當年的技術和現在不可同日而語吧，幾十年前了,12/8/2016 11:09
32,s10063,1,台灣一直強調現在核電有很多安全措施，但連自詡核電安全無虞的福島核能發電廠，也在311大地震時面臨崩壞瓦解的危機。,12/8/2016 11:12
35,s10070,6,你好,12/22/2016 14:55
35,s10069,6,你好,12/22/2016 14:55
35,s10070,2,請問你覺得健康重要嗎,12/22/2016 14:56
35,s10069,1,重要,12/22/2016 14:56
35,s10070,1,根據揭開 台灣核電廠 不能說的８個祕密∕台電三十三年員工的血淚控訴,12/22/2016 14:56
35,s10070,,這篇,12/22/2016 14:56
35,s10070,,我們發現,12/22/2016 14:56
35,s10070,,對於核電廠的維護與專業,12/22/2016 14:57
35,s10070,,台灣方面是不是感覺便宜行事呢?,12/22/2016 14:57
35,s10069,1,可能這方面需要技術的改善與加強，但許多職業也一樣有相關的職業危害，可能是無法避免的,12/22/2016 14:58
35,s10070,1,也許跟心態以及嚴謹度有關,12/22/2016 14:58
35,s10070,,你認為是嗎,12/22/2016 14:58
35,s10069,2,嚴謹度是指？,12/22/2016 14:59
35,s10070,,做事情的嚴謹度,12/22/2016 14:59
35,s10070,,我的意思是,12/22/2016 14:59
35,s10069,1,心態的話我覺得既然選擇了該職業就要有承擔相對風險的心理準備,12/22/2016 14:59
35,s10070,,不是這個意思喔,12/22/2016 14:59
35,s10070,,我指的是,12/22/2016 14:59
35,s10070,1,你知道我們核電廠相關技術,12/22/2016 15:00
35,s10070,,很多都是國外技轉與指導,12/22/2016 15:00
35,s10069,3,我認同，但難道台灣的專業人士不需要自己根據當地的情況做改善？,12/22/2016 15:01
35,s10070,,流程絕對不會較散工處理維護相關事宜,12/22/2016 15:01
35,s10070,3,所以你認為核電廠的設備的維護請外包是合理可糾售的,12/22/2016 15:01
35,s10070,,那你很相信外包公司對於專業的認是?,12/22/2016 15:02
35,s10070,,員工維修時  反應爐竟不停機  以維反sop流程,12/22/2016 15:02
35,s10070,,找散工、遊民洗高汙染反應爐 表示對專業的不尊重?,12/22/2016 15:03
35,s10070,,徒手撿輻射零件  釀血液病變 是難道台灣的專業人士不需要自己根據當地的情況做改善的說詞嗎？,12/22/2016 15:03
35,s10070,,這些現象無法證明你剛剛所提到的專業人士,12/22/2016 15:04
35,s10069,1,我覺得這方面確實需要專業的提升，或是對於所謂散工要提供較專業的一些指導或訓練,12/22/2016 15:04
35,s10070,4,所以以目前的狀況來說在我們無法確定各項事務有專業人是專業操作下,12/22/2016 15:05
35,s10070,,是不是不應該不要及就章呢?,12/22/2016 15:05
35,s10070,,是不是應該不要急就章,12/22/2016 15:05
35,s10069,5,我贊同的前提下包含台灣技術的加強,12/22/2016 15:05
35,s10070,,說錯哈哈,12/22/2016 15:05
35,s10070,,所以依目前現況來說,12/22/2016 15:06
35,s10069,,所以會有許多民眾反彈,12/22/2016 15:06
35,s10070,4,反核的原因在於對於專業的不尊重,12/22/2016 15:06
35,s10069,3,但核能仍舊是種趨勢，只是需要更謹慎的面對負面的處理,12/22/2016 15:06
35,s10070,,便宜行事的心態,12/22/2016 15:06
35,s10069,5,是，那應該要由政府來由下往上改善,12/22/2016 15:07
35,s10070,,不太懂趨勢,12/22/2016 15:07
35,s10070,,沒錯,12/22/2016 15:07
35,s10070,1,所以改善前\是不是要禁止?,12/22/2016 15:07
35,s10069,2,那不足的用電要從何而來？,12/22/2016 15:07
35,s10069,3,如果以其他發電的方式是否也會造成其他無法短期內復原的環境汙染,12/22/2016 15:08
35,s10069,,如溫室效應的加劇,12/22/2016 15:08
35,s10070,,我認為,12/22/2016 15:08
35,s10070,1,發展高科技的替代能源不僅可以有經濟效益,12/22/2016 15:09
35,s10069,2,何謂你所指高科技的替代能源？,12/22/2016 15:09
35,s10070,1,生質能,12/22/2016 15:10
35,s10070,,這篇得知,12/22/2016 15:10
35,s10070,,生質能的優點,12/22/2016 15:10
35,s10070,,減少對食鹽類的依賴,12/22/2016 15:10
35,s10070,,石油,12/22/2016 15:10
35,s10070,,想必可以解決你憂心的溫室效應,12/22/2016 15:10
35,s10069,3,但成本較高，你覺得全民願意買單嗎？,12/22/2016 15:11
35,s10069,1,根據　生質能發電能不能取代核能？這篇提到,12/22/2016 15:11
35,s10069,,目前火力與核能合計共佔了94.5%的發電量，而生質能發電在2012年僅提供了0.12 %發電量。,12/22/2016 15:11
35,s10069,4,生質能能提供的能源我認為短期內無法滿足人民的需求,12/22/2016 15:12
35,s10070,1,所以我剛剛有說過台灣應該需要發展高科技替代能源,12/22/2016 15:12
35,s10070,,以賺來的錢,12/22/2016 15:12
35,s10070,,補貼高成本,12/22/2016 15:12
35,s10069,3,但技術並不是說要發展就一定能找到方法，所以在那之前要怎麼辦呢,12/22/2016 15:12
35,s10069,,賺來的錢是指將技術專利賣給他國之類的？,12/22/2016 15:13
35,s10070,1,逐步降低核電使用頻率,12/22/2016 15:13
35,s10070,,目前在南部,12/22/2016 15:13
35,s10069,4,所以沒辦法短期內禁止,12/22/2016 15:13
35,s10070,,太陽能的發展與結果都是正面,12/22/2016 15:13
35,s10070,1,可以強化太陽能的利用,12/22/2016 15:14
35,s10070,,短期內無法禁止不太表支持核能,12/22/2016 15:14
35,s10070,,以長遠來說核電廠需要被淘汰,12/22/2016 15:15
35,s10069,3,台灣的環境光靠生質能足以滿足用電量嗎？,12/22/2016 15:15
35,s10070,1,不夠所以新竹風力 南部太陽能 以及潮汐,12/22/2016 15:16
35,s10070,,台灣的確是已經逐步分散能源使用的來源,12/22/2016 15:17
35,s10069,3,風力發電也可能影響附近的居民，如噪音汙染,12/22/2016 15:17
35,s10070,3,而且位於地震帶以及人口密集區的台灣你覺得哪裡還能設廠呢?,12/22/2016 15:17
35,s10070,1,噪音汙染可用離岸風力想辦法解決,12/22/2016 15:19
35,s10070,,以國外致力發展替代能源之際,12/22/2016 15:21
35,s10070,,想必核能應該不是你所謂的趨勢吧,12/22/2016 15:21
35,s10069,3,國外的環境與台灣不同，可能難以相提並論,12/22/2016 15:22
35,s10070,1,國外都將核電廠遠離人口地方,12/22/2016 15:23
35,s10070,,台灣卻是人口密集區,12/22/2016 15:23
35,s10069,5,土地面積小確實是台灣的限制,12/22/2016 15:23
35,s10070,1,核能一廠： 新北市石門區，離台北市直線距離約28公里。  核能二廠： 新北市萬里區，離台北市直線距離約22公里。,12/22/2016 15:23
35,s10069,1,但不能否認核能發電廠的效率較一些綠色能源高且用地少,12/22/2016 15:23
35,s10070,4,照你這樣講<\台灣不能跟國外相提並論都發展核能啊,12/22/2016 15:23
35,s10070,,因為狀況不同啊,12/22/2016 15:24
35,s10069,1,若要發展綠能，需要更多土地，其負面影響也要處理,12/22/2016 15:24
35,s10069,,也有其他國家是發展廢核的啊，依各國的情況考量吧,12/22/2016 15:24
35,s10070,1,核電的產能高,12/22/2016 15:24
35,s10069,3,且台灣人民對於電費調漲的反彈又大,12/22/2016 15:24
35,s10070,,但是有利弊有弊,12/22/2016 15:25
35,s10070,1,這真的需要政府溝通的能力,12/22/2016 15:25
35,s10069,5,是,12/22/2016 15:25
35,s10069,1,政府應該帶頭改善專業及安全,12/22/2016 15:25
38,s10076,1,贊成 ,3/22/2017 10:33
38,s10075,1,反對,3/22/2017 10:33
38,s10076,2,為什麼反對,3/22/2017 10:34
38,s10075,1,因為造成的核廢物無法徹底處理乾淨,3/22/2017 10:34
38,s10076,3,所以你覺得比起核電  哪一種電可以解決台灣供電問題,3/22/2017 10:35
38,s10076,,是一年只有10億度  連台積電都供應不了養不活的綠電嗎,3/22/2017 10:36
38,s10076,,還是 會排放出二氧化硫跟氮氣 產生懸浮粒子 造成pm2.5的火力發電呢?,3/22/2017 10:37
38,s10075,1,所有的發電方式中，只有核能發生事故會造成「極為毀滅性而且全面性」的傷害，擁核的人總是說，現在的核能電廠很安全，但是這個世界沒有任何事情是絕對的，如果發生地震呢？,3/22/2017 10:37
38,s10076,,用 如果 來回答有點奇妙,3/22/2017 10:38
38,s10076,2,所以你覺得火電比較優質?,3/22/2017 10:38
38,s10076,,問題是要解決台灣供電問題哦,3/22/2017 10:39
38,s10075,4,地球溫室效應嚴重，保留一小部分的核能發電確實有其必要性，但是不能因為這個理由就大量使用。,3/22/2017 10:39
38,s10075,,其實我們還是應該全力投入其他無污染的再生性能源研發才對，而不能因為現在核能發電的成本比較低就大量使用核能發電。,3/22/2017 10:40
38,s10076,4,核電是碳排量低的電力   我們是應該全力投入再生能源發展  但那需要時間  不是短期內可以做到的 ,3/22/2017 10:41
38,s10076,,臺灣的GDP 靠的是工廠代工加工  這種用電量極大的商業模式,3/22/2017 10:41
38,s10076,1,現在  短期 內 不可能要工廠關了不營運  那就還是要用電啊  你不使用核電   再生能源又尚未發展成熟  ,3/22/2017 10:42
38,s10076,,我們出口的產品碳足跡就是很高,3/22/2017 10:43
38,s10076,,歐美國家喊著要開徵碳關稅已經有一段時間了,3/22/2017 10:43
38,s10076,1,再生能源當然應該要發展    以我們剛通過的電業法來看   政府要求電廠要有再生能源供電比例 被認為是圖利財團  ,3/22/2017 10:44
38,s10076,,因為只有財團 才可以同時擁有建造火電 跟再生能源電廠的能力,3/22/2017 10:44
38,s10076,3,再生能源有間歇期   發不了電的當下  怎麼辦?,3/22/2017 10:45
38,s10075,4,當然，但核電只是一個治標不治本的方式，比起繼續興建核電廠，我認為致力於如何節省用電以及改變我們的用電的模式，這種方式更為長久。,3/22/2017 10:45
38,s10076,,我們的工廠   全台灣加起來 就真的是一秒鐘 好幾百萬上下,3/22/2017 10:45
38,s10076,,如何節省用電以及改變我們的用電的模式?,3/22/2017 10:45
38,s10076,,綠黨 樹黨 那些說要反核愛地球 用綠電的人 ,3/22/2017 10:46
38,s10076,,結果 也沒在台灣綠電即時認購網看到他們的名字,3/22/2017 10:46
38,s10076,3,更何況   綠電的成本比起核電  高出許多喔,3/22/2017 10:48
38,s10076,,更別提  臺灣的再生能源 因為地理環境限制  根本達不到什麼高效益,3/22/2017 10:48
38,s10076,,中國的雲南 四川 貴州  甘肅  再生能源多到會出現 棄光棄風棄水的情況,3/22/2017 10:49
38,s10076,,我們連一年15億都拿不出來,3/22/2017 10:49
38,s10076,,台積電中科廠一年用電量大概600億度   我們一年綠電目前是10億度,3/22/2017 10:50
38,s10076,,能源轉型是一定要做   發展再生能源也是勢在必行 ,3/22/2017 10:51
38,s10076,,可是要多久?    ,3/22/2017 10:51
38,s10076,3,要花多久的時間跟金錢  我們才可以用再生能源取代火力發電跟核電?,3/22/2017 10:52
38,s10076,,"核電廠因為地震而導致輻射外洩  →　就像你說的　　是如果""""",3/22/2017 10:52
38,s10076,,中國因為燃煤發電所排放的懸浮粒子導致了霧霾　　紫爆了→　這是　必然,3/22/2017 10:53
38,s10075,1,為了能生存更長遠的環境，還有健康著想，我認為付出一定的代價也是必然。,3/22/2017 10:53
38,s10076,,懸浮粒子對健康的確影響很大,3/22/2017 10:53
38,s10076,2,所以你指的代價是？　　錢嗎還是缺電？,3/22/2017 10:54
38,s10076,3,用錢蓋綠電　　很好！　　每度電漲到１０塊錢　　是民眾願意買單還是工廠願意買單？,3/22/2017 10:54
38,s10076,3,缺電  暫時沒有電 就可以少點核電 少點火電 也很好!  郭台銘又要生氣說它們這些大企業要出走了....,3/22/2017 10:55
38,s10076,3,風力發電  在苗栗有大風機  是德國英華威集團蓋的  蓋完沒多久因為噪音問題 引發居民強烈抗議 那噪音是真的很大  ,3/22/2017 10:58
38,s10076,3,嘉南水力發電 跟名間水力發電  存在那麼多年了  供電量還是不夠高  否則火電不會遲遲居高不下,3/22/2017 10:59
38,s10075,3,你願意讓核電廠蓋在你家附近嗎  你願意獨自承擔高至癌風險嗎,3/22/2017 11:00
38,s10076,1,2012年中國因為火電產生懸浮粒子而死亡的人數高達36萬人,3/22/2017 11:00
38,s10076,,來了來了標準問題  ,3/22/2017 11:00
38,s10076,1,我願意,3/22/2017 11:00
39,s10078,1,贊成,3/23/2017 15:18
39,s10077,1,不贊成,3/23/2017 15:18
39,s10077,1,核能有安全性問題,3/23/2017 15:18
39,s10078,3,每個東西都有安全性問題 盡可能將風險降低,3/23/2017 15:19
39,s10078,,例如飛機會墜機 那你就不坐嗎,3/23/2017 15:20
39,s10077,1,但核能所造成的危害是巨大且難以處理的，這在過往的核災案例之中都能夠得到相關的印證,3/23/2017 15:20
39,s10077,1,不僅是核電廠本身的安全，核廢料的棄置也有安全性的問題,3/23/2017 15:21
39,s10077,1,同時也對環境造成危害,3/23/2017 15:21
39,s10077,,核能發電的降溫用水的排放，也會對排放水域的生態造成危害,3/23/2017 15:22
39,s10078,3,核廢料可以找沒有人的土地棄置 ,3/23/2017 15:24
39,s10078,3,水域的危害是一小部分 大海很廣闊的,3/23/2017 15:25
39,s10077,1,台灣地狹人稠，真的有所謂沒有人的地方可以存放嗎? 而且核廢料處理是需要永久存放，真的找的到這樣的空間嗎?,3/23/2017 15:26
39,s10078,3,可以找國外的,3/23/2017 15:26
39,s10078,,生育率越來越低 台灣人真的會一值很多人嗎,3/23/2017 15:27
39,s10077,1,人類在地球上共生共存，不是丟到國界之外問題就解決了，地球的環境是一體的，生活在地球上的每一個人對於環境保育都有責任,3/23/2017 15:28
39,s10077,1,對於海洋生態的汙染並不會因為海洋遼闊而被稀釋，溫度過高的水在排放出去的當下就會對沿岸水域的生態產生破壞,3/23/2017 15:28
39,s10078,3,區域的水域被破壞 生物會自己一動,3/23/2017 15:30
39,s10078,,不蓋核電廠 電力要用什麼呢,3/23/2017 15:31
39,s10077,1,不只是會直接傷害到會移動的生物，例如無法移動的珊瑚礁就是會受到溫度過高的水影響，進而影響海洋地景，再間接的影響其他海洋生物,3/23/2017 15:33
39,s10077,1,目前台灣到底有沒有缺電都還是個眾說紛紜的問題，我認為「不用核能就會沒有電用」是個有待論證、需要更多證據支持的命題,3/23/2017 15:34
39,s10078,1,核三廠由於位處墾丁國家公園的南灣海域，附近有全台最美麗的 珊瑚，溫排水問題更令國人關注。為保護附近珊瑚不受影響，核三廠不惜花費鉅資改善設備，以降低溫排水溫度。目前溫排 水對南灣海域珊瑚的影響僅限於出水口右側淺灘附近。依據中華民國珊瑚礁總會調查，影響南灣珊瑚成長因素依序為：  濫墾濫建、污水垃圾、過度漁撈、潛水活動、核電廠溫排水 ,3/23/2017 15:35
39,s10077,3,而如果將核能視為一種取代火力發電的乾淨能源，我認為比起其他替代能源，核能發電會產生核廢料這點就使得它對環境造成影響,3/23/2017 15:35
39,s10078,2,有哪些環境影響 請舉例,3/23/2017 15:38
39,s10078,,火力發電造成的空氣汙染 對許多人的呼吸道造成影響 ,3/23/2017 15:39
39,s10077,1,核廢料在經過處理之後，仍有部分是需要永久儲存而無法被再利用或回歸自然循環的,3/23/2017 15:40
39,s10077,1,更何況如果外洩，核汙染將造成周邊生物，包含人類，的健康受到影響,3/23/2017 15:41
39,s10077,4,我贊成應逐步減少火力發電，但我認為應該尋求安全性更高、對環境更友善的替代能源，而非使用核能,3/23/2017 15:41
39,s10078,1,"但目前就是沒有更好的替代能源,有的話我也不會選核能",3/23/2017 15:46
40,s10079,1,不贊成,3/24/2017 10:35
40,s10080,1,我贊成，因為核能發電的效能高,3/24/2017 10:36
40,s10079,2,風險評估怎麼解釋?,3/24/2017 10:37
40,s10080,2,是說核能發電的風險嗎,3/24/2017 10:37
40,s10079,,是,3/24/2017 10:37
40,s10079,,尤其台灣處於地震帶上,3/24/2017 10:38
40,s10080,1,我認為贊成核能發電的前提是建立在核電廠是建造在安全的地方，並非現在在危險區域的核一核二,3/24/2017 10:39
40,s10079,3,是，不過我不知道台灣有沒有安全、適合建造核廠的地方？還要有承擔風險能力的地方？台灣國土面積比日本跟俄羅斯都小太多，但看福島跟車諾比的影響，至今仍然還沒解決跟補償。,3/24/2017 10:40
40,s10079,,我不認為要立刻廢核，但應該以十年二十年為計畫，從減核開始走向廢核。,3/24/2017 10:41
40,s10080,1,所以我們才需要投入人多的成本去維護核能使它足夠安全，像是在地震發生時斷電的話，可以繼續供水的系統，或者更耐震的建材，來避免災難的發生,3/24/2017 10:47
40,s10080,,如果從減核到廢核，那接下來的能源問題應該如何處理?現在核能發電占了台灣發電總量的百分之二十,3/24/2017 10:48
40,s10079,3,當然現有的核電廠要更換系統，用更耐震的建材。但完全能萬無一失嗎？看日本雖然疏散居民成功，但輻射外洩衝擊日本經濟多少？現在要進口日本蔬果，台灣就吵得不可開交？台灣有經濟實力承受核災風險嗎？,3/24/2017 10:51
40,s10079,,另外，發電的確是需要考量的問題。因此減核到廢核應該是長期的規劃。台灣西部海岸有很好的風場，只是風力發電轉換率不高且成本高，不過乾淨安全不應該做為成本的犧牲。,3/24/2017 10:52
40,s10079,1,另外東部海岸的潮汐發電也是值得研究的乾淨能源，既然都可以擬定二三十年的減核計畫，應該投入更多資源開發替代能源。,3/24/2017 10:52
40,s10079,1,民生用電跟工業用電的觀念也應該從教育著手改變，城市建築、綠地等等，有很多方面可以提倡。,3/24/2017 10:53
40,s10079,2,另外除了核災風險外，現有的癌症村跟核廢料的問題何解？核廢料要運去哪？台電對金山核一核二廠的居民罹癌要付出的補償成本是不是更大?,3/24/2017 10:55
40,s10080,1,正是經濟實力的問題，現在光是要調漲電費就多少人喊苦了，有些人連這樣廉價的電費要漲就要支撐不起了，我們要如何用相對高價許多的其它能源來換掉核能,3/24/2017 10:55
40,s10080,1,已經造成的問題那就要去改善它們，就像前面說到的我們要更注意核電廠的安全性,3/24/2017 10:56
40,s10080,,萬一核能減了，替代能源又沒有開發出來呢?,3/24/2017 10:57
40,s10079,1,不館漲水漲電都會有人叫苦，今天要任何人多付房租也都會抱怨。合理漲價範圍內，政府本就要有承擔民眾輿論的心理準備。另外開發新的替代能源成本，應是國家重大建設，會從每年的國家預算中支出，民眾不會有感覺。,3/24/2017 10:57
40,s10079,3,減核跟開發應該並進，不能因為開發不出來就都不開始減吧?,3/24/2017 10:58
40,s10079,,而且不會有開發不出來的問題，只是成本跟轉換率的效益比問題而已。,3/24/2017 10:58
40,s10079,4,不是說核能完全不好，而是在台灣的地理環境下座核能的風險跟其他國家不一樣。如果台灣是大陸國家地大又不處於地震帶上，有超大的地理空間可以負荷危機處理，那做好安全措施還算可以接受。但以日本相比，我們地理面積比他們小；地震發生頻率比他們高。日本工業技術發展之高，如何相信我們有比他們更好的條件可以做到零事故?,3/24/2017 11:01
40,s10079,,台灣電價問題還有一個問題是台電壟斷，日本最近推出電力民營，多家公司供電可以推出更多優惠方案，使得電力市場不再是獨占。台灣是否可以效法?,3/24/2017 11:03
40,s10080,3,電力民營的話，難道廠商就不會壟斷嗎?,3/24/2017 11:04
40,s10080,,就像之前便利商店一樣一起漲價,3/24/2017 11:04
40,s10079,1,壟斷的意思就是市場不只一個廠商，會競爭,3/24/2017 11:04
40,s10080,1,可是現在的電力政策,3/24/2017 11:05
40,s10080,,是打算台電要向民營電廠買電,3/24/2017 11:05
42,s10084,6,你好!,3/30/2017 15:55
42,s10083,6,你好！,3/30/2017 15:55
42,s10084,2,你為什麼支持核能發電嗎?,3/30/2017 15:56
42,s10084,,打錯,3/30/2017 15:56
42,s10083,1,我不太贊成台灣以核能來發電，因為對於核廢料導致許多健康的問題　,3/30/2017 15:56
42,s10083,,XD,3/30/2017 15:56
42,s10084,1,我是在想如果政府有完善規劃像是附近不能居住,3/30/2017 15:57
42,s10084,,有點對那區作隔離的感覺啦,3/30/2017 15:58
42,s10083,1,不過核能發電廠就像是不定時的危險，雖然時常做檢修，在發生事故時波及的範圍依然蠻大的,3/30/2017 15:58
42,s10083,,覺得台灣沒有那麼大的地方做隔離..,3/30/2017 15:59
42,s10084,,哈哈哈,3/30/2017 15:59
42,s10084,5,對呀,3/30/2017 15:59
42,s10084,,只是說它供電量較穩,3/30/2017 15:59
42,s10084,,而且台灣對電的需求量真的蠻大的,3/30/2017 15:59
42,s10083,3,是的，但不能忽視的是對於健康的危害,3/30/2017 16:00
42,s10083,,"如果在技術上能提高像是太陽能的發電量，我倒希望能慢慢取代""",3/30/2017 16:01
42,s10084,5,嗯嗯 我也覺得健康很重要，但無法想像沒有電的生活...,3/30/2017 16:02
42,s10084,,太陽能我也覺得可以,3/30/2017 16:02
42,s10084,1,但就目前的情況來說電的供需問題先解決比較重要~,3/30/2017 16:03
42,s10083,1,只是也需要儲電的設施來解決萬一日照不足的問題,3/30/2017 16:03
42,s10083,2,恩...是否只有核能能提供如此大量的電呢?,3/30/2017 16:04
42,s10084,4,所以我是不反對之後由太陽能來發電，也可以加入其他發電方式,3/30/2017 16:04
42,s10084,1,嗯嗯 像是一區域的氣候條件配適當的發電方法,3/30/2017 16:05
42,s10083,1,我也是不反對以核能維持現狀，不過需要逐步改變供電的方案，畢竟大眾因為日本事件其實已經對核能產生更多疑慮XD,3/30/2017 16:06
42,s10084,5,嗯嗯 同意,3/30/2017 16:07
42,s10083,1,是啊，在不同地區發展不同的供電方式是不錯的~,3/30/2017 16:07
42,s10084,1,我也很怕輻射問題XD,3/30/2017 16:07
42,s10083,1,現在還有地熱發電，也許對台灣這個多火山地形也是不錯的選擇,3/30/2017 16:08
42,s10084,4,以後的科技說不定又會有新的突破，發展新的發電方式也說不定呵呵,3/30/2017 16:08
42,s10083,5,嗯嗯 輻射問題很可怕呢,3/30/2017 16:09
42,s10084,1,對呀 其實台灣還蠻適合地底能源發電的~,3/30/2017 16:09
42,s10083,5,是啊，新的發電方式只要能減低成本，我相信企業也會願意轉型的,3/30/2017 16:10
42,s10084,5,嗯嗯 對呀還要企業肯一起投入改變~,3/30/2017 16:11
42,s10084,,成本真的也是一個問題呀...,3/30/2017 16:11
42,s10083,,企業如果不動的話，大家再怎麼吶喊其實也沒用XD,3/30/2017 16:12
42,s10083,1,最近也說太陽能板的成本其實減低了，我本來還擔心因為很貴所以無法普及,3/30/2017 16:13
42,s10084,1,嗯嗯 沒有資金哪能夠說變就變...只靠政府是不夠的..,3/30/2017 16:13
42,s10084,,對呀 成本是有比較低了,3/30/2017 16:14
42,s10083,1,是啊...除非讓他們意識到轉型之後的維持成本可能比原本低,3/30/2017 16:14
42,s10083,,不然就算政府補助也難以因此就改方案XD,3/30/2017 16:16
42,s10084,1,所以還是需要推廣去說吧,3/30/2017 16:16
42,s10083,1,嗯嗯...就跟所有其他的政策一樣,3/30/2017 16:17
42,s10083,,不過確實很難宣傳XD,3/30/2017 16:17
42,s10084,,哀...,3/30/2017 16:17
42,s10083,1,就算是用廣告，大家不喜歡看廣告；用新聞呈現或是公聽會，也是有關注的人才會參加....,3/30/2017 16:18
42,s10084,1,對呀 而且人民對於一個事件的堅持低、遺忘速度蠻高,3/30/2017 16:19
42,s10083,6,"要改變現況真是不容易~""""",3/30/2017 16:19
42,s10084,,當時廢核吵得很嚴重,3/30/2017 16:19
42,s10083,6,因為新聞也是刷刷就過啦,3/30/2017 16:19
42,s10084,6,現在好像也沒什麼消息與動作= =,3/30/2017 16:20
42,s10084,6,對呀,3/30/2017 16:20
42,s10083,6,之後也很少再出現後續消息,3/30/2017 16:20
42,s10084,6,鼎心油也是,3/30/2017 16:20
42,s10083,6,又是一個被遺忘的議題XD,3/30/2017 16:21
42,s10084,6,對呀 現在政府可能就先冷處理吧 ,3/30/2017 16:21
42,s10083,6,現在應該只有家人會跟你說 什麼東西不要吃可能含不好的油XD,3/30/2017 16:21
42,s10084,6,沒被鬧大就先裝沒是...,3/30/2017 16:21
42,s10083,6,然後換個名字再開公司....,3/30/2017 16:22
42,s10084,6,嗯嗯 對呀...:(,3/30/2017 16:22
42,s10084,,覺得無奈,3/30/2017 16:22
42,s10083,6,社會新聞總是異常的多....同感無奈ˊwˋ,3/30/2017 16:23
42,s10084,6,所以還是只能先維持現況,3/30/2017 16:24
42,s10084,,要改變也沒那麼容易,3/30/2017 16:24
42,s10083,6,因為沒有相關配套措施出來,3/30/2017 16:24
42,s10084,6,嗯嗯,3/30/2017 16:24
